DP_ID,gas,MARKET_DOMAIN_DESCR,MOD_VOLUME_CONSUMPTION,Sum of Sales_CR,ZIPcode,TIMESTAMP - Year,TIMESTAMP - Month
15.0,OX,Others,4418.990766,0.148744522,1098.0,2015.0,December
15.0,OX,Others,45856.21994,0.148744522,1098.0,2016.0,December
19.0,NI,Chemicals,8886.312726,1.311563185,6099.0,2015.0,December
19.0,NI,Chemicals,19603.78632,1.311563185,6099.0,2016.0,December
48.0,NI,A&F,209372.2318,-0.139912107,4692.0,2015.0,December
50.0,NI,T&R,211838.633,-0.216252387,1386.0,2015.0,December
58.0,NI,F&P,10642.50907,-0.549397952,1284.0,2015.0,December
58.0,NI,F&P,38539.66009,-0.549397952,1284.0,2016.0,December
66.0,AR,Others,84946.89367,2.20539035,5288.0,2015.0,December
66.0,AR,Others,461496.698,2.20539035,5288.0,2016.0,December
103.0,NI,T&R,110323.1966,-0.248480234,5690.0,2015.0,December
133.0,NI,F&P,9672.31941,-0.483590582,6373.0,2015.0,December
133.0,NI,F&P,65194.49335,-0.483590582,6373.0,2016.0,December
144.0,NI,Others,47676.04176,0.44793793,1098.0,2015.0,December
145.0,NI,T&R,77694.71497,1.528726399,3492.0,2015.0,December
148.0,NI,T&R,158653.5083,-0.388741622,5287.0,2015.0,December
148.0,NI,T&R,464357.1071,-0.388741622,5287.0,2016.0,December
178.0,NI,T&R,4217.311392,0.398252362,3492.0,2015.0,December
178.0,NI,T&R,48760.3221,0.398252362,3492.0,2016.0,December
219.0,NI,A&F,30438.51698,-0.139912107,4692.0,2015.0,December
228.0,NI,T&R,65109.627,-0.506495477,6291.0,2015.0,December
240.0,NI,T&R,13902.62475,-0.557098696,0.0,2015.0,December
244.0,NI,Others,26894.57775,-0.510435148,4988.0,2015.0,December
244.0,NI,Others,174501.2767,-0.510435148,4988.0,2016.0,December
270.0,NI,T&R,8252.168688,-0.388741622,5287.0,2015.0,December
270.0,NI,T&R,26239.39147,-0.388741622,5287.0,2016.0,December
272.0,OX,MD,5332.50657,-0.475529975,5746.0,2015.0,December
272.0,OX,MD,27784.37007,-0.475529975,5746.0,2016.0,December
278.0,NI,T&R,8653.680802,-0.471584353,1399.0,2015.0,December
288.0,NI,F&P,75285.29375,-0.551440209,7389.0,2015.0,December
288.0,NI,F&P,115663.8549,-0.551440209,7389.0,2016.0,December
343.0,NI,T&R,205635.6428,0.544737119,3492.0,2015.0,December
345.0,NI,T&R,152606.1109,1.528726399,3492.0,2015.0,December
345.0,NI,T&R,443107.3802,1.528726399,3492.0,2016.0,December
348.0,NI,T&R,677045.2802,0.84524383,7687.0,2015.0,December
348.0,NI,T&R,910953.5169,0.84524383,7687.0,2016.0,December
361.0,NI,T&R,622768.1351,-0.072595609,,2015.0,December
370.0,CB,T&R,1315.181935,-0.595282627,1098.0,2015.0,December
370.0,CB,T&R,382064.8452,-0.595282627,1098.0,2016.0,December
378.0,OX,F&P,29657.39357,-0.483590582,6373.0,2015.0,December
378.0,OX,F&P,43968.31032,-0.483590582,6373.0,2016.0,December
403.0,NI,T&R,667970.7738,-0.04274655,0.0,2015.0,December
440.0,NI,F&P,389381.6534,0.39379728,6374.0,2015.0,December
440.0,NI,F&P,2421271.527,0.39379728,6374.0,2016.0,December
441.0,CB,F&P,1846.32,-0.596043488,6374.0,2015.0,December
441.0,CB,F&P,53022.04,-0.596043488,6374.0,2016.0,December
455.0,NI,Others,20530.12133,0.148744522,1098.0,2015.0,December
460.0,CB,F&P,9313.24,-0.600047373,6373.0,2015.0,December
460.0,CB,F&P,12180.06,-0.600047373,6373.0,2016.0,December
518.0,NI,M&E,42108.23838,-0.570296751,6375.0,2015.0,December
520.0,NI,T&R,350112.5381,0.922319133,1190.0,2015.0,December
532.0,NI,T&R,152842.8645,4.276620451,7574.0,2015.0,December
540.0,NI,T&R,117482.4912,1.904847873,7684.0,2015.0,December
560.0,NI,A&F,265669.1151,-0.409902106,4987.0,2016.0,December
560.0,NI,A&F,293886.0847,-0.409902106,4987.0,2015.0,December
562.0,NI,A&F,208513.0458,-0.431207084,6277.0,2015.0,December
590.0,NI,T&R,32163.5538,-0.504896735,7382.0,2015.0,December
612.0,AR,A&F,108746.4624,-0.337577921,7975.0,2015.0,December
612.0,AR,A&F,135521.8134,-0.337577921,7975.0,2016.0,December
622.0,NI,M&E,318099.1523,0.126202049,986.0,2015.0,December
644.0,NI,A&F,61076.43516,0.110949466,4692.0,2015.0,December
644.0,NI,A&F,498283.617,0.110949466,4692.0,2016.0,December
658.0,NI,T&R,201270.611,-0.218889833,7684.0,2015.0,December
671.0,NI,T&R,164445.7531,4.276620451,7574.0,2015.0,December
747.0,NI,M&E,91916.91689,-0.319886009,897.0,2015.0,December
766.0,CB,T&R,2997.250769,-0.599049996,7392.0,2015.0,December
766.0,CB,T&R,3687.93,-0.599049996,7392.0,2016.0,December
772.0,NI,M&E,32492.46833,-0.563647915,791.0,2015.0,December
780.0,OX,Others,381.5120933,-0.592797347,1098.0,2015.0,December
780.0,OX,Others,4689.755992,-0.592797347,1098.0,2016.0,December
873.0,CB,M&E,93406.36563,-0.548283962,6099.0,2015.0,December
873.0,CB,M&E,693917.3352,-0.548283962,6099.0,2016.0,December
920.0,NI,F&P,2964.621266,-0.51263139,1174.0,2015.0,December
920.0,NI,F&P,34908.87197,-0.51263139,1174.0,2016.0,December
925.0,NI,T&R,120663.0125,0.149272784,5696.0,2015.0,December
925.0,NI,T&R,860145.7578,0.149272784,5696.0,2016.0,December
955.0,NI,T&R,95958.27173,-0.119736566,1182.0,2015.0,December
955.0,NI,T&R,336233.7292,-0.119736566,1182.0,2016.0,December
983.0,NI,A&F,34819.90196,-0.409902106,4987.0,2016.0,December
983.0,NI,A&F,37326.8183,-0.409902106,4987.0,2015.0,December
994.0,NI,M&E,98415.89211,-0.445163105,6275.0,2015.0,December
994.0,NI,M&E,320822.6586,-0.445163105,6275.0,2016.0,December
1009.0,NI,T&R,13586.59411,-0.471584353,1399.0,2015.0,December
1030.0,OX,A&F,23194.1124,-0.519049128,992.0,2015.0,December
1031.0,OX,A&F,44315.8719,-0.481100818,992.0,2015.0,December
1032.0,CB,A&F,48879.2496,-0.597714245,992.0,2015.0,December
1032.0,CB,A&F,940510.5731,-0.597714245,992.0,2016.0,December
1033.0,CB,A&F,75825.6306,-0.597714245,992.0,2015.0,December
1033.0,CB,A&F,991214.7429,-0.597714245,992.0,2016.0,December
1035.0,NI,T&R,18730.95709,1.904847873,7684.0,2015.0,December
1039.0,NI,F&P,209735.2938,-0.525729332,6373.0,2015.0,December
1039.0,NI,F&P,358113.667,-0.525729332,6373.0,2016.0,December
1042.0,CB,M&E,64404.18183,-0.548283962,6099.0,2015.0,December
1042.0,CB,M&E,447024.9218,-0.548283962,6099.0,2016.0,December
1043.0,CB,M&E,58456.41414,-0.548283962,6099.0,2015.0,December
1043.0,CB,M&E,374318.2227,-0.548283962,6099.0,2016.0,December
1044.0,CB,F&P,15460.8576,-0.59842733,6373.0,2015.0,December
1044.0,CB,F&P,106203.4131,-0.59842733,6373.0,2016.0,December
1071.0,NI,T&R,360426.7547,1.528726399,3492.0,2015.0,December
1071.0,NI,T&R,2332416.722,1.528726399,3492.0,2016.0,December
1090.0,NI,M&E,6332.277,-0.577914489,6099.0,2015.0,December
1090.0,NI,M&E,11459.46597,-0.577914489,6099.0,2016.0,December
1095.0,CB,F&P,10362.81835,-0.600047373,6373.0,2015.0,December
1095.0,CB,F&P,11788.74492,-0.600047373,6373.0,2016.0,December
1098.0,OX,MD,9751.638071,-0.55194918,2085.0,2016.0,December
1099.0,NI,M&E,202241.8538,-0.382784459,1386.0,2015.0,December
1099.0,NI,M&E,699124.3184,-0.382784459,1386.0,2016.0,December
1100.0,OX,MD,355.781983,-0.579988151,5295.0,2015.0,December
1100.0,OX,MD,8851.139633,-0.579988151,5295.0,2016.0,December
1106.0,NI,T&R,336825.165,4.276620451,7574.0,2015.0,December
1107.0,NI,T&R,137062.4781,-0.388741622,5287.0,2015.0,December
1107.0,NI,T&R,195592.6231,-0.388741622,5287.0,2016.0,December
1111.0,NI,F&P,25913.88734,-0.505484568,6370.0,2015.0,December
1111.0,NI,F&P,78251.94,-0.505484568,6370.0,2016.0,December
1112.0,CB,F&P,6273.336646,-0.590808733,1174.0,2015.0,December
1112.0,CB,F&P,10521.46932,-0.590808733,1174.0,2016.0,December
1116.0,OX,MD,34934.05195,-0.542085947,6096.0,2015.0,December
1116.0,OX,MD,77286.98386,-0.542085947,6096.0,2016.0,December
1117.0,OX,MD,1618.021564,-0.542085947,6096.0,2015.0,December
1117.0,OX,MD,55795.87527,-0.542085947,6096.0,2016.0,December
1119.0,OX,MD,20220.5952,-0.576762838,1599.0,2016.0,December
1119.0,OX,MD,26683.35639,-0.576762838,1599.0,2015.0,December
1124.0,NI,T&R,174841.288,0.369085137,5287.0,2015.0,December
1124.0,NI,T&R,511736.6064,0.369085137,5287.0,2016.0,December
1125.0,NI,T&R,8650.072,0.369085137,5287.0,2015.0,December
1125.0,NI,T&R,27504.5704,0.369085137,5287.0,2016.0,December
1126.0,NI,T&R,148657.7854,0.369085137,5287.0,2015.0,December
1126.0,NI,T&R,212139.5045,0.369085137,5287.0,2016.0,December
1136.0,NI,F&P,16463.64259,-0.591397701,6275.0,2016.0,December
1136.0,NI,F&P,381237.2985,-0.591397701,6275.0,2015.0,December
15.0,OX,Others,36690.26321,0.148744522,1098.0,2016.0,November
15.0,OX,Others,100104.7961,0.148744522,1098.0,2015.0,November
19.0,NI,Chemicals,25198.33097,1.311563185,6099.0,2015.0,November
19.0,NI,Chemicals,29885.92733,1.311563185,6099.0,2016.0,November
50.0,NI,T&R,537609.9073,-0.216252387,1386.0,2015.0,November
58.0,NI,F&P,34944.31504,-0.549397952,1284.0,2015.0,November
58.0,NI,F&P,36676.89607,-0.549397952,1284.0,2016.0,November
66.0,AR,Others,40705.91595,2.20539035,5288.0,2015.0,November
66.0,AR,Others,469782.6214,2.20539035,5288.0,2016.0,November
103.0,NI,T&R,272452.9022,-0.248480234,5690.0,2015.0,November
133.0,NI,F&P,23308.12423,-0.483590582,6373.0,2015.0,November
133.0,NI,F&P,58208.04987,-0.483590582,6373.0,2016.0,November
144.0,NI,Others,87097.50143,0.44793793,1098.0,2015.0,November
145.0,NI,T&R,157372.0884,1.528726399,3492.0,2015.0,November
148.0,NI,T&R,324026.0388,-0.388741622,5287.0,2016.0,November
148.0,NI,T&R,414506.5575,-0.388741622,5287.0,2015.0,November
178.0,NI,T&R,37239.02813,0.398252362,3492.0,2016.0,November
178.0,NI,T&R,92217.04308,0.398252362,3492.0,2015.0,November
228.0,NI,T&R,71644.84557,-0.506495477,6291.0,2015.0,November
240.0,NI,T&R,60860.28792,-0.557098696,0.0,2015.0,November
244.0,NI,Others,77765.74164,-0.510435148,4988.0,2015.0,November
244.0,NI,Others,145195.7528,-0.510435148,4988.0,2016.0,November
270.0,NI,T&R,17518.72552,-0.388741622,5287.0,2016.0,November
270.0,NI,T&R,113855.1147,-0.388741622,5287.0,2015.0,November
272.0,OX,MD,17361.81125,-0.475529975,5746.0,2015.0,November
272.0,OX,MD,27714.82221,-0.475529975,5746.0,2016.0,November
278.0,NI,T&R,103987.3156,-0.471584353,1399.0,2015.0,November
288.0,NI,F&P,83607.62071,-0.551440209,7389.0,2015.0,November
288.0,NI,F&P,2344323.658,-0.551440209,7389.0,2016.0,November
343.0,NI,T&R,448407.6824,0.544737119,3492.0,2015.0,November
345.0,NI,T&R,333279.9642,1.528726399,3492.0,2015.0,November
345.0,NI,T&R,390264.9207,1.528726399,3492.0,2016.0,November
348.0,NI,T&R,370808.7698,0.84524383,7687.0,2015.0,November
348.0,NI,T&R,843278.8333,0.84524383,7687.0,2016.0,November
361.0,NI,T&R,331192.5368,-0.072595609,,2015.0,November
370.0,CB,T&R,43799.72718,-0.595282627,1098.0,2015.0,November
370.0,CB,T&R,45560.61796,-0.595282627,1098.0,2016.0,November
378.0,OX,F&P,12179.07906,-0.483590582,6373.0,2015.0,November
378.0,OX,F&P,39298.94381,-0.483590582,6373.0,2016.0,November
403.0,NI,T&R,338283.1465,-0.04274655,0.0,2015.0,November
440.0,NI,F&P,1482598.977,0.39379728,6374.0,2015.0,November
440.0,NI,F&P,3174320.043,0.39379728,6374.0,2016.0,November
441.0,CB,F&P,51593.34,-0.596043488,6374.0,2016.0,November
441.0,CB,F&P,101055.9576,-0.596043488,6374.0,2015.0,November
455.0,NI,Others,75429.38929,0.148744522,1098.0,2015.0,November
460.0,CB,F&P,5246.94,-0.600047373,6373.0,2015.0,November
460.0,CB,F&P,20582.7,-0.600047373,6373.0,2016.0,November
518.0,NI,M&E,101696.9729,-0.570296751,6375.0,2015.0,November
520.0,NI,T&R,1322994.847,0.922319133,1190.0,2015.0,November
532.0,NI,T&R,337815.184,4.276620451,7574.0,2015.0,November
540.0,NI,T&R,347312.4221,1.904847873,7684.0,2015.0,November
560.0,NI,A&F,170037.05,-0.409902106,4987.0,2015.0,November
560.0,NI,A&F,406954.375,-0.409902106,4987.0,2016.0,November
562.0,NI,A&F,120602.0653,-0.431207084,6277.0,2015.0,November
590.0,NI,T&R,59977.5482,-0.504896735,7382.0,2016.0,November
590.0,NI,T&R,87037.37081,-0.504896735,7382.0,2015.0,November
612.0,AR,A&F,80438.31446,-0.337577921,7975.0,2015.0,November
612.0,AR,A&F,206326.2543,-0.337577921,7975.0,2016.0,November
622.0,NI,M&E,83070.10813,0.126202049,986.0,2015.0,November
644.0,NI,A&F,218303.2078,0.110949466,4692.0,2015.0,November
644.0,NI,A&F,497459.2163,0.110949466,4692.0,2016.0,November
658.0,NI,T&R,442747.0019,-0.218889833,7684.0,2015.0,November
671.0,NI,T&R,447642.4864,4.276620451,7574.0,2015.0,November
747.0,NI,M&E,43881.96786,-0.319886009,897.0,2015.0,November
766.0,CB,T&R,3818.24,-0.599049996,7392.0,2016.0,November
766.0,CB,T&R,32817.91422,-0.599049996,7392.0,2015.0,November
772.0,NI,M&E,24676.55727,-0.563647915,791.0,2015.0,November
780.0,OX,Others,6344.41396,-0.592797347,1098.0,2016.0,November
780.0,OX,Others,8657.027728,-0.592797347,1098.0,2015.0,November
873.0,CB,M&E,406976.8219,-0.548283962,6099.0,2015.0,November
873.0,CB,M&E,945339.3994,-0.548283962,6099.0,2016.0,November
920.0,NI,F&P,7769.724173,-0.51263139,1174.0,2015.0,November
925.0,NI,T&R,302686.7087,0.149272784,5696.0,2015.0,November
925.0,NI,T&R,927223.5525,0.149272784,5696.0,2016.0,November
955.0,NI,T&R,184856.5431,-0.119736566,1182.0,2015.0,November
955.0,NI,T&R,328521.2095,-0.119736566,1182.0,2016.0,November
983.0,NI,A&F,21540.18695,-0.409902106,4987.0,2015.0,November
983.0,NI,A&F,45879.48404,-0.409902106,4987.0,2016.0,November
994.0,NI,M&E,67851.93156,-0.445163105,6275.0,2016.0,November
994.0,NI,M&E,179754.6758,-0.445163105,6275.0,2015.0,November
1009.0,NI,T&R,34848.33732,-0.471584353,1399.0,2015.0,November
1030.0,OX,A&F,54563.91502,-0.519049128,992.0,2015.0,November
1031.0,OX,A&F,134642.7918,-0.481100818,992.0,2015.0,November
1032.0,CB,A&F,118187.7631,-0.597714245,992.0,2015.0,November
1032.0,CB,A&F,775816.1751,-0.597714245,992.0,2016.0,November
1033.0,CB,A&F,163172.0399,-0.597714245,992.0,2015.0,November
1033.0,CB,A&F,908198.3082,-0.597714245,992.0,2016.0,November
1035.0,NI,T&R,56352.40982,1.904847873,7684.0,2015.0,November
1039.0,NI,F&P,60226.76973,-0.525729332,6373.0,2015.0,November
1039.0,NI,F&P,239883.9571,-0.525729332,6373.0,2016.0,November
1042.0,CB,M&E,176203.2517,-0.548283962,6099.0,2015.0,November
1042.0,CB,M&E,416786.0797,-0.548283962,6099.0,2016.0,November
1043.0,CB,M&E,149341.2958,-0.548283962,6099.0,2015.0,November
1043.0,CB,M&E,439741.0104,-0.548283962,6099.0,2016.0,November
1044.0,CB,F&P,17481.13605,-0.59842733,6373.0,2016.0,November
1044.0,CB,F&P,53418.36452,-0.59842733,6373.0,2015.0,November
1071.0,NI,T&R,702945.5159,1.528726399,3492.0,2015.0,November
1071.0,NI,T&R,2438212.121,1.528726399,3492.0,2016.0,November
1090.0,NI,M&E,16791.17831,-0.577914489,6099.0,2015.0,November
1090.0,NI,M&E,18852.22137,-0.577914489,6099.0,2016.0,November
1095.0,CB,F&P,7095.975833,-0.600047373,6373.0,2015.0,November
1095.0,CB,F&P,24396.78871,-0.600047373,6373.0,2016.0,November
1098.0,OX,MD,7053.181103,-0.55194918,2085.0,2016.0,November
1099.0,NI,M&E,217248.0805,-0.382784459,1386.0,2015.0,November
1099.0,NI,M&E,598444.3344,-0.382784459,1386.0,2016.0,November
1100.0,OX,MD,9861.686816,-0.579988151,5295.0,2016.0,November
1100.0,OX,MD,16743.07518,-0.579988151,5295.0,2015.0,November
1106.0,NI,T&R,754612.5861,4.276620451,7574.0,2015.0,November
1107.0,NI,T&R,204180.5819,-0.388741622,5287.0,2016.0,November
1107.0,NI,T&R,464123.2063,-0.388741622,5287.0,2015.0,November
1111.0,NI,F&P,29735.09773,-0.505484568,6370.0,2015.0,November
1111.0,NI,F&P,129071.113,-0.505484568,6370.0,2016.0,November
1112.0,CB,F&P,3887.78629,-0.590808733,1174.0,2015.0,November
1112.0,CB,F&P,17989.2641,-0.590808733,1174.0,2016.0,November
1116.0,OX,MD,34063.94033,-0.542085947,6096.0,2015.0,November
1116.0,OX,MD,69864.05139,-0.542085947,6096.0,2016.0,November
1117.0,OX,MD,22186.68057,-0.542085947,6096.0,2015.0,November
1117.0,OX,MD,29098.02114,-0.542085947,6096.0,2016.0,November
1119.0,OX,MD,18888.17357,-0.576762838,1599.0,2015.0,November
1119.0,OX,MD,19498.0812,-0.576762838,1599.0,2016.0,November
1124.0,NI,T&R,357086.9596,0.369085137,5287.0,2016.0,November
1124.0,NI,T&R,493388.6038,0.369085137,5287.0,2015.0,November
1125.0,NI,T&R,18363.42846,0.369085137,5287.0,2016.0,November
1125.0,NI,T&R,22928.13611,0.369085137,5287.0,2015.0,November
1126.0,NI,T&R,221453.9934,0.369085137,5287.0,2016.0,November
1126.0,NI,T&R,479434.0887,0.369085137,5287.0,2015.0,November
1136.0,NI,F&P,13095.62631,-0.591397701,6275.0,2016.0,November
15.0,OX,Others,58948.79157,0.148744522,1098.0,2016.0,October
19.0,NI,Chemicals,25961.02404,1.311563185,6099.0,2016.0,October
58.0,NI,F&P,37693.64738,-0.549397952,1284.0,2016.0,October
66.0,AR,Others,492485.7836,2.20539035,5288.0,2016.0,October
133.0,NI,F&P,61690.71807,-0.483590582,6373.0,2016.0,October
148.0,NI,T&R,310772.6483,-0.388741622,5287.0,2016.0,October
178.0,NI,T&R,35177.18984,0.398252362,3492.0,2016.0,October
244.0,NI,Others,136372.6921,-0.510435148,4988.0,2016.0,October
270.0,NI,T&R,6560.734055,-0.388741622,5287.0,2016.0,October
272.0,OX,MD,28787.52236,-0.475529975,5746.0,2016.0,October
288.0,NI,F&P,60433.26856,-0.551440209,7389.0,2016.0,October
345.0,NI,T&R,160315.8924,1.528726399,3492.0,2016.0,October
348.0,NI,T&R,891328.3882,0.84524383,7687.0,2016.0,October
370.0,CB,T&R,25008.7498,-0.595282627,1098.0,2016.0,October
378.0,OX,F&P,43702.87796,-0.483590582,6373.0,2016.0,October
440.0,NI,F&P,377481.3392,0.39379728,6374.0,2016.0,October
441.0,CB,F&P,11960.26,-0.596043488,6374.0,2016.0,October
460.0,CB,F&P,17615.4,-0.600047373,6373.0,2016.0,October
560.0,NI,A&F,375309.8478,-0.409902106,4987.0,2016.0,October
590.0,NI,T&R,214746.955,-0.504896735,7382.0,2016.0,October
612.0,AR,A&F,189896.806,-0.337577921,7975.0,2016.0,October
644.0,NI,A&F,484004.4136,0.110949466,4692.0,2016.0,October
766.0,CB,T&R,3042.66,-0.599049996,7392.0,2016.0,October
780.0,OX,Others,21215.997,-0.592797347,1098.0,2016.0,October
873.0,CB,M&E,459523.6686,-0.548283962,6099.0,2016.0,October
925.0,NI,T&R,143436.2488,0.149272784,5696.0,2016.0,October
955.0,NI,T&R,340395.1738,-0.119736566,1182.0,2016.0,October
983.0,NI,A&F,43678.6447,-0.409902106,4987.0,2016.0,October
994.0,NI,M&E,349928.5834,-0.445163105,6275.0,2016.0,October
1032.0,CB,A&F,722458.3749,-0.597714245,992.0,2016.0,October
1033.0,CB,A&F,890415.138,-0.597714245,992.0,2016.0,October
1039.0,NI,F&P,70764.41368,-0.525729332,6373.0,2016.0,October
1042.0,CB,M&E,484533.0264,-0.548283962,6099.0,2016.0,October
1043.0,CB,M&E,330319.7642,-0.548283962,6099.0,2016.0,October
1071.0,NI,T&R,965656.7133,1.528726399,3492.0,2016.0,October
1090.0,NI,M&E,41305.52368,-0.577914489,6099.0,2016.0,October
1095.0,CB,F&P,21798.03224,-0.600047373,6373.0,2016.0,October
1098.0,OX,MD,7131.835505,-0.55194918,2085.0,2016.0,October
1099.0,NI,M&E,616431.9779,-0.382784459,1386.0,2016.0,October
1100.0,OX,MD,13059.96439,-0.579988151,5295.0,2016.0,October
1107.0,NI,T&R,330257.0956,-0.388741622,5287.0,2016.0,October
1111.0,NI,F&P,180483.3064,-0.505484568,6370.0,2016.0,October
1112.0,CB,F&P,16940.5198,-0.590808733,1174.0,2016.0,October
1116.0,OX,MD,72307.24456,-0.542085947,6096.0,2016.0,October
1117.0,OX,MD,51501.81871,-0.542085947,6096.0,2016.0,October
1119.0,OX,MD,20506.7434,-0.576762838,1599.0,2016.0,October
1124.0,NI,T&R,325341.9868,0.369085137,5287.0,2016.0,October
1125.0,NI,T&R,6877.069195,0.369085137,5287.0,2016.0,October
1126.0,NI,T&R,358196.4161,0.369085137,5287.0,2016.0,October
1136.0,NI,F&P,12418.57173,-0.591397701,6275.0,2016.0,October
15.0,OX,Others,25112.82133,0.148744522,1098.0,2016.0,September
19.0,NI,Chemicals,29782.27671,1.311563185,6099.0,2016.0,September
58.0,NI,F&P,32775.31231,-0.549397952,1284.0,2016.0,September
66.0,AR,Others,450536.2044,2.20539035,5288.0,2016.0,September
133.0,NI,F&P,59949.38397,-0.483590582,6373.0,2016.0,September
148.0,NI,T&R,292021.3345,-0.388741622,5287.0,2016.0,September
178.0,NI,T&R,31490.78776,0.398252362,3492.0,2016.0,September
244.0,NI,Others,131441.6668,-0.510435148,4988.0,2016.0,September
270.0,NI,T&R,7833.297869,-0.388741622,5287.0,2016.0,September
272.0,OX,MD,27946.14444,-0.475529975,5746.0,2016.0,September
288.0,NI,F&P,13404.94134,-0.551440209,7389.0,2016.0,September
348.0,NI,T&R,867972.7039,0.84524383,7687.0,2016.0,September
370.0,CB,T&R,172194.1327,-0.595282627,1098.0,2016.0,September
378.0,OX,F&P,36364.23387,-0.483590582,6373.0,2016.0,September
440.0,NI,F&P,2512314.65,0.39379728,6374.0,2016.0,September
441.0,CB,F&P,40374.12,-0.596043488,6374.0,2016.0,September
460.0,CB,F&P,16827.26,-0.600047373,6373.0,2016.0,September
560.0,NI,A&F,390952.2546,-0.409902106,4987.0,2016.0,September
590.0,NI,T&R,185519.521,-0.504896735,7382.0,2016.0,September
612.0,AR,A&F,184320.5159,-0.337577921,7975.0,2016.0,September
644.0,NI,A&F,395552.0455,0.110949466,4692.0,2016.0,September
766.0,CB,T&R,3543.49,-0.599049996,7392.0,2016.0,September
780.0,OX,Others,6172.656145,-0.592797347,1098.0,2016.0,September
873.0,CB,M&E,920850.1058,-0.548283962,6099.0,2016.0,September
925.0,NI,T&R,1032858.443,0.149272784,5696.0,2016.0,September
955.0,NI,T&R,328848.9883,-0.119736566,1182.0,2016.0,September
983.0,NI,A&F,44182.94298,-0.409902106,4987.0,2016.0,September
994.0,NI,M&E,503071.0412,-0.445163105,6275.0,2016.0,September
1032.0,CB,A&F,587889.4063,-0.597714245,992.0,2016.0,September
1033.0,CB,A&F,924420.9612,-0.597714245,992.0,2016.0,September
1039.0,NI,F&P,206445.4338,-0.525729332,6373.0,2016.0,September
1042.0,CB,M&E,415389.2576,-0.548283962,6099.0,2016.0,September
1043.0,CB,M&E,375415.2436,-0.548283962,6099.0,2016.0,September
1044.0,CB,F&P,12880.01065,-0.59842733,6373.0,2016.0,September
1090.0,NI,M&E,31521.54607,-0.577914489,6099.0,2016.0,September
1095.0,CB,F&P,20822.64398,-0.600047373,6373.0,2016.0,September
1098.0,OX,MD,6453.552753,-0.55194918,2085.0,2016.0,September
1099.0,NI,M&E,789220.0992,-0.382784459,1386.0,2016.0,September
1100.0,OX,MD,9383.534075,-0.579988151,5295.0,2016.0,September
1107.0,NI,T&R,278275.6411,-0.388741622,5287.0,2016.0,September
1111.0,NI,F&P,221303.6204,-0.505484568,6370.0,2016.0,September
1112.0,CB,F&P,14025.9875,-0.590808733,1174.0,2016.0,September
1116.0,OX,MD,67699.37875,-0.542085947,6096.0,2016.0,September
1117.0,OX,MD,33185.07227,-0.542085947,6096.0,2016.0,September
1119.0,OX,MD,20503.4778,-0.576762838,1599.0,2016.0,September
1124.0,NI,T&R,321816.8551,0.369085137,5287.0,2016.0,September
1125.0,NI,T&R,8211.008391,0.369085137,5287.0,2016.0,September
1126.0,NI,T&R,301817.3982,0.369085137,5287.0,2016.0,September
1136.0,NI,F&P,13101.24299,-0.591397701,6275.0,2016.0,September
15.0,OX,Others,20267.54542,0.148744522,1098.0,2016.0,August
19.0,NI,Chemicals,32926.34537,1.311563185,6099.0,2016.0,August
58.0,NI,F&P,36011.66541,-0.549397952,1284.0,2016.0,August
66.0,AR,Others,495732.7587,2.20539035,5288.0,2016.0,August
133.0,NI,F&P,74682.12581,-0.483590582,6373.0,2016.0,August
148.0,NI,T&R,478640.9859,-0.388741622,5287.0,2016.0,August
178.0,NI,T&R,46880.60349,0.398252362,3492.0,2016.0,August
244.0,NI,Others,30825.58928,-0.510435148,4988.0,2016.0,August
270.0,NI,T&R,7127.893415,-0.388741622,5287.0,2016.0,August
272.0,OX,MD,29417.23287,-0.475529975,5746.0,2016.0,August
278.0,NI,T&R,37681.58978,-0.471584353,1399.0,2016.0,August
348.0,NI,T&R,851779.6862,0.84524383,7687.0,2016.0,August
361.0,NI,T&R,24874.11476,-0.072595609,,2016.0,August
370.0,CB,T&R,29623.48259,-0.595282627,1098.0,2016.0,August
378.0,OX,F&P,31470.55831,-0.483590582,6373.0,2016.0,August
440.0,NI,F&P,3053047.594,0.39379728,6374.0,2016.0,August
441.0,CB,F&P,49834.94,-0.596043488,6374.0,2016.0,August
460.0,CB,F&P,16120.76,-0.600047373,6373.0,2016.0,August
560.0,NI,A&F,383665.483,-0.409902106,4987.0,2016.0,August
590.0,NI,T&R,168466.8404,-0.504896735,7382.0,2016.0,August
612.0,AR,A&F,157900.9484,-0.337577921,7975.0,2016.0,August
644.0,NI,A&F,331005.2164,0.110949466,4692.0,2016.0,August
766.0,CB,T&R,3562.33,-0.599049996,7392.0,2016.0,August
780.0,OX,Others,17317.36376,-0.592797347,1098.0,2016.0,August
873.0,CB,M&E,673155.1135,-0.548283962,6099.0,2016.0,August
925.0,NI,T&R,1307663.196,0.149272784,5696.0,2016.0,August
955.0,NI,T&R,343968.3445,-0.119736566,1182.0,2016.0,August
983.0,NI,A&F,44698.90135,-0.409902106,4987.0,2016.0,August
994.0,NI,M&E,1190454.24,-0.445163105,6275.0,2016.0,August
1009.0,NI,T&R,41689.45158,-0.471584353,1399.0,2016.0,August
1032.0,CB,A&F,340270.4471,-0.597714245,992.0,2016.0,August
1033.0,CB,A&F,967245.7413,-0.597714245,992.0,2016.0,August
1039.0,NI,F&P,170450.4688,-0.525729332,6373.0,2016.0,August
1042.0,CB,M&E,374991.6443,-0.548283962,6099.0,2016.0,August
1043.0,CB,M&E,393957.4604,-0.548283962,6099.0,2016.0,August
1044.0,CB,F&P,103018.2975,-0.59842733,6373.0,2016.0,August
1090.0,NI,M&E,33123.4461,-0.577914489,6099.0,2016.0,August
1095.0,CB,F&P,19948.56433,-0.600047373,6373.0,2016.0,August
1098.0,OX,MD,10674.94639,-0.55194918,2085.0,2016.0,August
1099.0,NI,M&E,933379.6301,-0.382784459,1386.0,2016.0,August
1100.0,OX,MD,11015.67481,-0.579988151,5295.0,2016.0,August
1107.0,NI,T&R,187211.1914,-0.388741622,5287.0,2016.0,August
1111.0,NI,F&P,235598.5332,-0.505484568,6370.0,2016.0,August
1112.0,CB,F&P,7150.2196,-0.590808733,1174.0,2016.0,August
1116.0,OX,MD,90709.5249,-0.542085947,6096.0,2016.0,August
1117.0,OX,MD,36745.36248,-0.542085947,6096.0,2016.0,August
1119.0,OX,MD,20756.97,-0.576762838,1599.0,2016.0,August
1124.0,NI,T&R,527477.5827,0.369085137,5287.0,2016.0,August
1125.0,NI,T&R,7471.583293,0.369085137,5287.0,2016.0,August
1126.0,NI,T&R,203049.0145,0.369085137,5287.0,2016.0,August
1136.0,NI,F&P,19238.65635,-0.591397701,6275.0,2016.0,August
15.0,OX,Others,11650.9678,0.148744522,1098.0,2016.0,July
19.0,NI,Chemicals,54485.67329,1.311563185,6099.0,2016.0,July
50.0,NI,T&R,543192.2367,-0.216252387,1386.0,2016.0,July
58.0,NI,F&P,37492.77844,-0.549397952,1284.0,2016.0,July
66.0,AR,Others,509256.2426,2.20539035,5288.0,2016.0,July
133.0,NI,F&P,73903.80224,-0.483590582,6373.0,2016.0,July
148.0,NI,T&R,480749.6152,-0.388741622,5287.0,2016.0,July
178.0,NI,T&R,51972.93209,0.398252362,3492.0,2016.0,July
270.0,NI,T&R,12650.60768,-0.388741622,5287.0,2016.0,July
272.0,OX,MD,28961.39201,-0.475529975,5746.0,2016.0,July
278.0,NI,T&R,49669.97759,-0.471584353,1399.0,2016.0,July
348.0,NI,T&R,867958.2631,0.84524383,7687.0,2016.0,July
361.0,NI,T&R,769081.6256,-0.072595609,,2016.0,July
370.0,CB,T&R,30135.64014,-0.595282627,1098.0,2016.0,July
378.0,OX,F&P,32909.87465,-0.483590582,6373.0,2016.0,July
440.0,NI,F&P,2829102.581,0.39379728,6374.0,2016.0,July
441.0,CB,F&P,50525.74,-0.596043488,6374.0,2016.0,July
460.0,CB,F&P,6901.72,-0.600047373,6373.0,2016.0,July
560.0,NI,A&F,281141.9426,-0.409902106,4987.0,2016.0,July
590.0,NI,T&R,153755.0298,-0.504896735,7382.0,2016.0,July
612.0,AR,A&F,148428.6528,-0.337577921,7975.0,2016.0,July
644.0,NI,A&F,417658.892,0.110949466,4692.0,2016.0,July
766.0,CB,T&R,3157.27,-0.599049996,7392.0,2016.0,July
780.0,OX,Others,7637.71402,-0.592797347,1098.0,2016.0,July
873.0,CB,M&E,897414.1151,-0.548283962,6099.0,2016.0,July
925.0,NI,T&R,1243993.444,0.149272784,5696.0,2016.0,July
955.0,NI,T&R,419056.7612,-0.119736566,1182.0,2016.0,July
983.0,NI,A&F,35306.71013,-0.409902106,4987.0,2016.0,July
994.0,NI,M&E,275838.6533,-0.445163105,6275.0,2016.0,July
1009.0,NI,T&R,39552.15937,-0.471584353,1399.0,2016.0,July
1032.0,CB,A&F,711054.4758,-0.597714245,992.0,2016.0,July
1033.0,CB,A&F,712185.0642,-0.597714245,992.0,2016.0,July
1039.0,NI,F&P,122907.7882,-0.525729332,6373.0,2016.0,July
1042.0,CB,M&E,344234.7745,-0.548283962,6099.0,2016.0,July
1043.0,CB,M&E,358867.8714,-0.548283962,6099.0,2016.0,July
1044.0,CB,F&P,72389.2774,-0.59842733,6373.0,2016.0,July
1090.0,NI,M&E,34572.12112,-0.577914489,6099.0,2016.0,July
1095.0,CB,F&P,4459.712085,-0.600047373,6373.0,2016.0,July
1098.0,OX,MD,6923.239998,-0.55194918,2085.0,2016.0,July
1099.0,NI,M&E,581561.4217,-0.382784459,1386.0,2016.0,July
1100.0,OX,MD,9926.522264,-0.579988151,5295.0,2016.0,July
1107.0,NI,T&R,220466.2595,-0.388741622,5287.0,2016.0,July
1111.0,NI,F&P,136452.6564,-0.505484568,6370.0,2016.0,July
1112.0,CB,F&P,18867.789,-0.590808733,1174.0,2016.0,July
1116.0,OX,MD,38519.28375,-0.542085947,6096.0,2016.0,July
1117.0,OX,MD,76349.84219,-0.542085947,6096.0,2016.0,July
1119.0,OX,MD,20200.5934,-0.576762838,1599.0,2016.0,July
1124.0,NI,T&R,529801.6955,0.369085137,5287.0,2016.0,July
1125.0,NI,T&R,13260.62168,0.369085137,5287.0,2016.0,July
1126.0,NI,T&R,239117.4182,0.369085137,5287.0,2016.0,July
1136.0,NI,F&P,19736.9083,-0.591397701,6275.0,2016.0,July
15.0,OX,Others,14363.16572,0.148744522,1098.0,2016.0,June
19.0,NI,Chemicals,35849.29271,1.311563185,6099.0,2016.0,June
50.0,NI,T&R,1006130.759,-0.216252387,1386.0,2016.0,June
58.0,NI,F&P,36063.65501,-0.549397952,1284.0,2016.0,June
66.0,AR,Others,445294.1807,2.20539035,5288.0,2016.0,June
133.0,NI,F&P,68711.46056,-0.483590582,6373.0,2016.0,June
148.0,NI,T&R,464172.4531,-0.388741622,5287.0,2016.0,June
178.0,NI,T&R,87800.41561,0.398252362,3492.0,2016.0,June
270.0,NI,T&R,16712.29581,-0.388741622,5287.0,2016.0,June
272.0,OX,MD,30186.03911,-0.475529975,5746.0,2016.0,June
278.0,NI,T&R,46004.12242,-0.471584353,1399.0,2016.0,June
348.0,NI,T&R,845339.0627,0.84524383,7687.0,2016.0,June
361.0,NI,T&R,624272.457,-0.072595609,,2016.0,June
370.0,CB,T&R,29264.48914,-0.595282627,1098.0,2016.0,June
378.0,OX,F&P,32562.19564,-0.483590582,6373.0,2016.0,June
440.0,NI,F&P,2996314.938,0.39379728,6374.0,2016.0,June
441.0,CB,F&P,63142.26,-0.596043488,6374.0,2016.0,June
460.0,CB,F&P,4436.82,-0.600047373,6373.0,2016.0,June
560.0,NI,A&F,349590.319,-0.409902106,4987.0,2016.0,June
590.0,NI,T&R,144676.913,-0.504896735,7382.0,2016.0,June
612.0,AR,A&F,142746.6845,-0.337577921,7975.0,2016.0,June
644.0,NI,A&F,431736.1589,0.110949466,4692.0,2016.0,June
766.0,CB,T&R,3352.735,-0.599049996,7392.0,2016.0,June
780.0,OX,Others,5589.369283,-0.592797347,1098.0,2016.0,June
873.0,CB,M&E,780186.8981,-0.548283962,6099.0,2016.0,June
925.0,NI,T&R,1248388.279,0.149272784,5696.0,2016.0,June
955.0,NI,T&R,424675.6833,-0.119736566,1182.0,2016.0,June
983.0,NI,A&F,40343.86296,-0.409902106,4987.0,2016.0,June
1009.0,NI,T&R,62517.42606,-0.471584353,1399.0,2016.0,June
1032.0,CB,A&F,457073.0481,-0.597714245,992.0,2016.0,June
1033.0,CB,A&F,857230.6446,-0.597714245,992.0,2016.0,June
1039.0,NI,F&P,125260.958,-0.525729332,6373.0,2016.0,June
1042.0,CB,M&E,349381.5166,-0.548283962,6099.0,2016.0,June
1043.0,CB,M&E,322568.4502,-0.548283962,6099.0,2016.0,June
1044.0,CB,F&P,79287.25452,-0.59842733,6373.0,2016.0,June
1090.0,NI,M&E,35562.94966,-0.577914489,6099.0,2016.0,June
1095.0,CB,F&P,5490.28329,-0.600047373,6373.0,2016.0,June
1098.0,OX,MD,7502.739982,-0.55194918,2085.0,2016.0,June
1099.0,NI,M&E,460166.55,-0.382784459,1386.0,2016.0,June
1100.0,OX,MD,9560.920721,-0.579988151,5295.0,2016.0,June
1107.0,NI,T&R,357627.9673,-0.388741622,5287.0,2016.0,June
1111.0,NI,F&P,89262.9466,-0.505484568,6370.0,2016.0,June
1112.0,CB,F&P,23938.5593,-0.590808733,1174.0,2016.0,June
1116.0,OX,MD,82343.20539,-0.542085947,6096.0,2016.0,June
1117.0,OX,MD,55263.10397,-0.542085947,6096.0,2016.0,June
1119.0,OX,MD,19957.3062,-0.576762838,1599.0,2016.0,June
1124.0,NI,T&R,511533.5516,0.369085137,5287.0,2016.0,June
1125.0,NI,T&R,17518.14031,0.369085137,5287.0,2016.0,June
1126.0,NI,T&R,387882.8278,0.369085137,5287.0,2016.0,June
1136.0,NI,F&P,21614.45993,-0.591397701,6275.0,2016.0,June
15.0,OX,Others,11113.15457,0.148744522,1098.0,2017.0,May
15.0,OX,Others,13718.19805,0.148744522,1098.0,2016.0,May
19.0,NI,Chemicals,34128.6925,1.311563185,6099.0,2017.0,May
19.0,NI,Chemicals,37673.54353,1.311563185,6099.0,2016.0,May
48.0,NI,A&F,63800.77368,-0.139912107,4692.0,2017.0,May
50.0,NI,T&R,718474.0107,-0.216252387,1386.0,2016.0,May
58.0,NI,F&P,31604.95534,-0.549397952,1284.0,2017.0,May
58.0,NI,F&P,42710.64455,-0.549397952,1284.0,2016.0,May
66.0,AR,Others,444296.6564,2.20539035,5288.0,2017.0,May
66.0,AR,Others,493797.9632,2.20539035,5288.0,2016.0,May
103.0,NI,T&R,7963.63974,-0.248480234,5690.0,2016.0,May
103.0,NI,T&R,543863.0218,-0.248480234,5690.0,2017.0,May
133.0,NI,F&P,71574.10828,-0.483590582,6373.0,2016.0,May
133.0,NI,F&P,80861.22348,-0.483590582,6373.0,2017.0,May
145.0,NI,T&R,19064.54642,1.528726399,3492.0,2016.0,May
145.0,NI,T&R,1048462.815,1.528726399,3492.0,2017.0,May
148.0,NI,T&R,330619.9729,-0.388741622,5287.0,2016.0,May
148.0,NI,T&R,445170.9629,-0.388741622,5287.0,2017.0,May
178.0,NI,T&R,20316.8789,0.398252362,3492.0,2016.0,May
178.0,NI,T&R,42495.21763,0.398252362,3492.0,2017.0,May
219.0,NI,A&F,2889.709344,-0.139912107,4692.0,2017.0,May
228.0,NI,T&R,106402.5738,-0.506495477,6291.0,2017.0,May
240.0,NI,T&R,103934.628,-0.557098696,0.0,2017.0,May
244.0,NI,Others,150235.9109,-0.510435148,4988.0,2017.0,May
270.0,NI,T&R,11226.21058,-0.388741622,5287.0,2016.0,May
270.0,NI,T&R,21289.74448,-0.388741622,5287.0,2017.0,May
272.0,OX,MD,29049.83874,-0.475529975,5746.0,2016.0,May
272.0,OX,MD,29420.25669,-0.475529975,5746.0,2017.0,May
278.0,NI,T&R,45813.8246,-0.471584353,1399.0,2016.0,May
278.0,NI,T&R,78101.14558,-0.471584353,1399.0,2017.0,May
288.0,NI,F&P,87760.01637,-0.551440209,7389.0,2017.0,May
345.0,NI,T&R,5960.095544,1.528726399,3492.0,2016.0,May
345.0,NI,T&R,348046.9064,1.528726399,3492.0,2017.0,May
348.0,NI,T&R,871631.0551,0.84524383,7687.0,2017.0,May
348.0,NI,T&R,934559.5094,0.84524383,7687.0,2016.0,May
361.0,NI,T&R,751144.758,-0.072595609,,2017.0,May
361.0,NI,T&R,1092527.257,-0.072595609,,2016.0,May
370.0,CB,T&R,6980.80404,-0.595282627,1098.0,2017.0,May
370.0,CB,T&R,77532.92239,-0.595282627,1098.0,2016.0,May
378.0,OX,F&P,28008.72213,-0.483590582,6373.0,2016.0,May
378.0,OX,F&P,41381.2794,-0.483590582,6373.0,2017.0,May
440.0,NI,F&P,1566676.071,0.39379728,6374.0,2017.0,May
440.0,NI,F&P,2744620.582,0.39379728,6374.0,2016.0,May
441.0,CB,F&P,44035.36,-0.596043488,6374.0,2017.0,May
441.0,CB,F&P,53511.88,-0.596043488,6374.0,2016.0,May
455.0,NI,Others,3426.38056,0.148744522,1098.0,2016.0,May
460.0,CB,F&P,2992.42,-0.600047373,6373.0,2016.0,May
460.0,CB,F&P,22083.62,-0.600047373,6373.0,2017.0,May
468.0,NI,T&R,100.8338701,-0.578211409,1174.0,2016.0,May
520.0,NI,T&R,349066.1013,0.922319133,1190.0,2017.0,May
532.0,NI,T&R,1683462.188,4.276620451,7574.0,2017.0,May
540.0,NI,T&R,15107.97498,1.904847873,7684.0,2016.0,May
560.0,NI,A&F,378896.7072,-0.409902106,4987.0,2017.0,May
560.0,NI,A&F,391820.7062,-0.409902106,4987.0,2016.0,May
562.0,NI,A&F,416648.7225,-0.431207084,6277.0,2017.0,May
590.0,NI,T&R,144741.5656,-0.504896735,7382.0,2016.0,May
612.0,AR,A&F,152483.1758,-0.337577921,7975.0,2016.0,May
612.0,AR,A&F,228624.3693,-0.337577921,7975.0,2017.0,May
622.0,NI,M&E,1775.7171,0.126202049,986.0,2016.0,May
622.0,NI,M&E,788102.375,0.126202049,986.0,2017.0,May
644.0,NI,A&F,428496.847,0.110949466,4692.0,2016.0,May
644.0,NI,A&F,458370.964,0.110949466,4692.0,2017.0,May
658.0,NI,T&R,2646.765974,-0.218889833,7684.0,2016.0,May
658.0,NI,T&R,1165885.229,-0.218889833,7684.0,2017.0,May
671.0,NI,T&R,286046.2119,4.276620451,7574.0,2017.0,May
747.0,NI,M&E,15880.19581,-0.319886009,897.0,2016.0,May
766.0,CB,T&R,3439.87,-0.599049996,7392.0,2016.0,May
780.0,OX,Others,6447.78904,-0.592797347,1098.0,2017.0,May
780.0,OX,Others,11342.97913,-0.592797347,1098.0,2016.0,May
873.0,CB,M&E,296133.4242,-0.548283962,6099.0,2016.0,May
873.0,CB,M&E,1014681.844,-0.548283962,6099.0,2017.0,May
920.0,NI,F&P,14887.02527,-0.51263139,1174.0,2016.0,May
920.0,NI,F&P,69495.10549,-0.51263139,1174.0,2017.0,May
925.0,NI,T&R,950227.8425,0.149272784,5696.0,2017.0,May
925.0,NI,T&R,1300187.644,0.149272784,5696.0,2016.0,May
955.0,NI,T&R,342808.0774,-0.119736566,1182.0,2017.0,May
955.0,NI,T&R,439711.3089,-0.119736566,1182.0,2016.0,May
983.0,NI,A&F,44652.26104,-0.409902106,4987.0,2017.0,May
983.0,NI,A&F,44969.99811,-0.409902106,4987.0,2016.0,May
994.0,NI,M&E,12770.24226,-0.445163105,6275.0,2016.0,May
1009.0,NI,T&R,59005.62431,-0.471584353,1399.0,2016.0,May
1009.0,NI,T&R,78855.39424,-0.471584353,1399.0,2017.0,May
1030.0,OX,A&F,94721.60462,-0.519049128,992.0,2017.0,May
1032.0,CB,A&F,363452.5665,-0.597714245,992.0,2016.0,May
1032.0,CB,A&F,1125532.474,-0.597714245,992.0,2017.0,May
1033.0,CB,A&F,61805.7504,-0.597714245,992.0,2016.0,May
1035.0,NI,T&R,142185.885,1.904847873,7684.0,2017.0,May
1039.0,NI,F&P,70539.86893,-0.525729332,6373.0,2016.0,May
1039.0,NI,F&P,391318.3687,-0.525729332,6373.0,2017.0,May
1042.0,CB,M&E,310349.345,-0.548283962,6099.0,2016.0,May
1042.0,CB,M&E,499070.2588,-0.548283962,6099.0,2017.0,May
1043.0,CB,M&E,258670.9503,-0.548283962,6099.0,2016.0,May
1043.0,CB,M&E,661715.0067,-0.548283962,6099.0,2017.0,May
1044.0,CB,F&P,92067.38108,-0.59842733,6373.0,2016.0,May
1044.0,CB,F&P,109714.426,-0.59842733,6373.0,2017.0,May
1071.0,NI,T&R,8361.690534,1.528726399,3492.0,2016.0,May
1071.0,NI,T&R,2654883.695,1.528726399,3492.0,2017.0,May
1090.0,NI,M&E,12163.18871,-0.577914489,6099.0,2017.0,May
1090.0,NI,M&E,32231.02559,-0.577914489,6099.0,2016.0,May
1095.0,CB,F&P,6566.175848,-0.600047373,6373.0,2016.0,May
1095.0,CB,F&P,27327.23734,-0.600047373,6373.0,2017.0,May
1098.0,OX,MD,7610.516486,-0.55194918,2085.0,2017.0,May
1098.0,OX,MD,8347.315586,-0.55194918,2085.0,2016.0,May
1099.0,NI,M&E,605396.0133,-0.382784459,1386.0,2016.0,May
1099.0,NI,M&E,647843.0152,-0.382784459,1386.0,2017.0,May
1100.0,OX,MD,8986.691604,-0.579988151,5295.0,2016.0,May
1100.0,OX,MD,10049.66877,-0.579988151,5295.0,2017.0,May
1106.0,NI,T&R,3432025.997,4.276620451,7574.0,2017.0,May
1107.0,NI,T&R,147950.7546,-0.388741622,5287.0,2016.0,May
1107.0,NI,T&R,854747.9189,-0.388741622,5287.0,2017.0,May
1111.0,NI,F&P,91289.4712,-0.505484568,6370.0,2016.0,May
1111.0,NI,F&P,228598.2172,-0.505484568,6370.0,2017.0,May
1112.0,CB,F&P,10200.29,-0.590808733,1174.0,2017.0,May
1112.0,CB,F&P,22850.2824,-0.590808733,1174.0,2016.0,May
1116.0,OX,MD,32761.82679,-0.542085947,6096.0,2017.0,May
1116.0,OX,MD,112518.0802,-0.542085947,6096.0,2016.0,May
1117.0,OX,MD,34072.85965,-0.542085947,6096.0,2016.0,May
1117.0,OX,MD,66866.16946,-0.542085947,6096.0,2017.0,May
1119.0,OX,MD,20430.8182,-0.576762838,1599.0,2016.0,May
1119.0,OX,MD,23704.174,-0.576762838,1599.0,2017.0,May
1124.0,NI,T&R,364353.6889,0.369085137,5287.0,2016.0,May
1124.0,NI,T&R,523217.9796,0.369085137,5287.0,2017.0,May
1125.0,NI,T&R,13074.2104,0.369085137,5287.0,2016.0,May
1125.0,NI,T&R,26372.58698,0.369085137,5287.0,2017.0,May
1126.0,NI,T&R,160467.1959,0.369085137,5287.0,2016.0,May
1126.0,NI,T&R,927058.4803,0.369085137,5287.0,2017.0,May
1136.0,NI,F&P,16690.89357,-0.591397701,6275.0,2017.0,May
1136.0,NI,F&P,20642.76368,-0.591397701,6275.0,2016.0,May
1146.0,NI,T&R,21970.737,1.528726399,3492.0,2016.0,May
1146.0,NI,T&R,818869.767,1.528726399,3492.0,2017.0,May
15.0,OX,Others,6083.407795,0.148744522,1098.0,2016.0,April
15.0,OX,Others,13260.27683,0.148744522,1098.0,2017.0,April
19.0,NI,Chemicals,24972.88817,1.311563185,6099.0,2017.0,April
19.0,NI,Chemicals,38240.16689,1.311563185,6099.0,2016.0,April
48.0,NI,A&F,150818.7068,-0.139912107,4692.0,2016.0,April
50.0,NI,T&R,1140371.609,-0.216252387,1386.0,2016.0,April
58.0,NI,F&P,30798.52562,-0.549397952,1284.0,2017.0,April
58.0,NI,F&P,35152.65529,-0.549397952,1284.0,2016.0,April
66.0,AR,Others,145913.0352,2.20539035,5288.0,2016.0,April
66.0,AR,Others,429604.931,2.20539035,5288.0,2017.0,April
103.0,NI,T&R,532323.8703,-0.248480234,5690.0,2017.0,April
133.0,NI,F&P,64075.81811,-0.483590582,6373.0,2016.0,April
133.0,NI,F&P,71423.72034,-0.483590582,6373.0,2017.0,April
144.0,NI,Others,127476.7181,0.44793793,1098.0,2016.0,April
145.0,NI,T&R,965621.0211,1.528726399,3492.0,2017.0,April
148.0,NI,T&R,229792.9432,-0.388741622,5287.0,2016.0,April
148.0,NI,T&R,428992.8916,-0.388741622,5287.0,2017.0,April
178.0,NI,T&R,20642.72801,0.398252362,3492.0,2016.0,April
178.0,NI,T&R,38353.75043,0.398252362,3492.0,2017.0,April
219.0,NI,A&F,32691.89711,-0.139912107,4692.0,2016.0,April
228.0,NI,T&R,128667.5916,-0.506495477,6291.0,2017.0,April
240.0,NI,T&R,103669.2195,-0.557098696,0.0,2017.0,April
244.0,NI,Others,157321.7541,-0.510435148,4988.0,2017.0,April
270.0,NI,T&R,6020.16029,-0.388741622,5287.0,2016.0,April
270.0,NI,T&R,12499.36519,-0.388741622,5287.0,2017.0,April
272.0,OX,MD,9069.192135,-0.475529975,5746.0,2016.0,April
272.0,OX,MD,28082.21634,-0.475529975,5746.0,2017.0,April
278.0,NI,T&R,44797.15477,-0.471584353,1399.0,2016.0,April
278.0,NI,T&R,67649.37518,-0.471584353,1399.0,2017.0,April
288.0,NI,F&P,68351.49237,-0.551440209,7389.0,2017.0,April
343.0,NI,T&R,768034.631,0.544737119,3492.0,2016.0,April
345.0,NI,T&R,326228.9632,1.528726399,3492.0,2017.0,April
348.0,NI,T&R,818060.2781,0.84524383,7687.0,2016.0,April
348.0,NI,T&R,878341.2414,0.84524383,7687.0,2017.0,April
361.0,NI,T&R,765645.8577,-0.072595609,,2017.0,April
361.0,NI,T&R,817480.4244,-0.072595609,,2016.0,April
370.0,CB,T&R,6659.98082,-0.595282627,1098.0,2017.0,April
370.0,CB,T&R,13599.23246,-0.595282627,1098.0,2016.0,April
378.0,OX,F&P,19589.65616,-0.483590582,6373.0,2017.0,April
378.0,OX,F&P,29126.52884,-0.483590582,6373.0,2016.0,April
440.0,NI,F&P,2472929.847,0.39379728,6374.0,2017.0,April
440.0,NI,F&P,2726950.09,0.39379728,6374.0,2016.0,April
441.0,CB,F&P,41228.2,-0.596043488,6374.0,2017.0,April
441.0,CB,F&P,52130.28,-0.596043488,6374.0,2016.0,April
460.0,CB,F&P,5796.44,-0.600047373,6373.0,2017.0,April
518.0,NI,M&E,16243.18546,-0.570296751,6375.0,2017.0,April
520.0,NI,T&R,284121.0606,0.922319133,1190.0,2017.0,April
520.0,NI,T&R,1321360.725,0.922319133,1190.0,2016.0,April
532.0,NI,T&R,832214.4068,4.276620451,7574.0,2016.0,April
532.0,NI,T&R,1321175.027,4.276620451,7574.0,2017.0,April
560.0,NI,A&F,365792.8514,-0.409902106,4987.0,2016.0,April
560.0,NI,A&F,376317.0462,-0.409902106,4987.0,2017.0,April
562.0,NI,A&F,299830.3361,-0.431207084,6277.0,2017.0,April
590.0,NI,T&R,158499.193,-0.504896735,7382.0,2016.0,April
612.0,AR,A&F,40203.53652,-0.337577921,7975.0,2016.0,April
612.0,AR,A&F,188596.9633,-0.337577921,7975.0,2017.0,April
622.0,NI,M&E,486461.2109,0.126202049,986.0,2017.0,April
644.0,NI,A&F,495473.16,0.110949466,4692.0,2016.0,April
644.0,NI,A&F,550618.49,0.110949466,4692.0,2017.0,April
658.0,NI,T&R,1134680.719,-0.218889833,7684.0,2017.0,April
671.0,NI,T&R,133986.185,4.276620451,7574.0,2017.0,April
671.0,NI,T&R,681972.064,4.276620451,7574.0,2016.0,April
747.0,NI,M&E,34807.20898,-0.319886009,897.0,2016.0,April
766.0,CB,T&R,2777.269615,-0.599049996,7392.0,2016.0,April
772.0,NI,M&E,14078.97312,-0.563647915,791.0,2016.0,April
780.0,OX,Others,6866.521703,-0.592797347,1098.0,2016.0,April
780.0,OX,Others,12559.33118,-0.592797347,1098.0,2017.0,April
873.0,CB,M&E,355469.4905,-0.548283962,6099.0,2016.0,April
873.0,CB,M&E,855315.7567,-0.548283962,6099.0,2017.0,April
920.0,NI,F&P,62460.97844,-0.51263139,1174.0,2017.0,April
925.0,NI,T&R,910635.818,0.149272784,5696.0,2017.0,April
925.0,NI,T&R,1386250.356,0.149272784,5696.0,2016.0,April
955.0,NI,T&R,333062.4323,-0.119736566,1182.0,2017.0,April
955.0,NI,T&R,423093.7728,-0.119736566,1182.0,2016.0,April
983.0,NI,A&F,38895.09852,-0.409902106,4987.0,2017.0,April
983.0,NI,A&F,44888.37758,-0.409902106,4987.0,2016.0,April
994.0,NI,M&E,285211.8853,-0.445163105,6275.0,2017.0,April
1009.0,NI,T&R,59032.36958,-0.471584353,1399.0,2016.0,April
1009.0,NI,T&R,151369.365,-0.471584353,1399.0,2017.0,April
1030.0,OX,A&F,56855.2264,-0.519049128,992.0,2016.0,April
1030.0,OX,A&F,82806.99318,-0.519049128,992.0,2017.0,April
1031.0,OX,A&F,35416.63305,-0.481100818,992.0,2016.0,April
1031.0,OX,A&F,481235.1395,-0.481100818,992.0,2017.0,April
1032.0,CB,A&F,371519.8074,-0.597714245,992.0,2016.0,April
1032.0,CB,A&F,928649.5521,-0.597714245,992.0,2017.0,April
1033.0,CB,A&F,72492.3636,-0.597714245,992.0,2016.0,April
1033.0,CB,A&F,1161271.46,-0.597714245,992.0,2017.0,April
1035.0,NI,T&R,178408.7287,1.904847873,7684.0,2017.0,April
1039.0,NI,F&P,114127.1923,-0.525729332,6373.0,2016.0,April
1039.0,NI,F&P,334795.1555,-0.525729332,6373.0,2017.0,April
1042.0,CB,M&E,215235.1126,-0.548283962,6099.0,2016.0,April
1042.0,CB,M&E,317929.9698,-0.548283962,6099.0,2017.0,April
1043.0,CB,M&E,220924.5845,-0.548283962,6099.0,2016.0,April
1043.0,CB,M&E,523590.5465,-0.548283962,6099.0,2017.0,April
1044.0,CB,F&P,93287.5474,-0.59842733,6373.0,2016.0,April
1044.0,CB,F&P,222969.5474,-0.59842733,6373.0,2017.0,April
1071.0,NI,T&R,2561020.341,1.528726399,3492.0,2017.0,April
1090.0,NI,M&E,12905.56574,-0.577914489,6099.0,2017.0,April
1090.0,NI,M&E,33641.44291,-0.577914489,6099.0,2016.0,April
1095.0,CB,F&P,6179.027491,-0.600047373,6373.0,2017.0,April
1095.0,CB,F&P,13226.66627,-0.600047373,6373.0,2016.0,April
1098.0,OX,MD,7793.654144,-0.55194918,2085.0,2016.0,April
1098.0,OX,MD,8331.213745,-0.55194918,2085.0,2017.0,April
1099.0,NI,M&E,549414.6267,-0.382784459,1386.0,2017.0,April
1099.0,NI,M&E,736334.1594,-0.382784459,1386.0,2016.0,April
1100.0,OX,MD,9867.031086,-0.579988151,5295.0,2016.0,April
1100.0,OX,MD,13756.04801,-0.579988151,5295.0,2017.0,April
1106.0,NI,T&R,1148239.752,4.276620451,7574.0,2016.0,April
1106.0,NI,T&R,3996264.554,4.276620451,7574.0,2017.0,April
1107.0,NI,T&R,229395.0728,-0.388741622,5287.0,2016.0,April
1107.0,NI,T&R,633861.2568,-0.388741622,5287.0,2017.0,April
1111.0,NI,F&P,189746.4634,-0.505484568,6370.0,2016.0,April
1111.0,NI,F&P,205107.0294,-0.505484568,6370.0,2017.0,April
1112.0,CB,F&P,11684.3639,-0.590808733,1174.0,2017.0,April
1112.0,CB,F&P,17163.7738,-0.590808733,1174.0,2016.0,April
1116.0,OX,MD,24688.20039,-0.542085947,6096.0,2017.0,April
1116.0,OX,MD,68377.97048,-0.542085947,6096.0,2016.0,April
1117.0,OX,MD,49855.38327,-0.542085947,6096.0,2016.0,April
1117.0,OX,MD,72184.71742,-0.542085947,6096.0,2017.0,April
1119.0,OX,MD,21271.302,-0.576762838,1599.0,2016.0,April
1119.0,OX,MD,21912.176,-0.576762838,1599.0,2017.0,April
1124.0,NI,T&R,253239.0174,0.369085137,5287.0,2016.0,April
1124.0,NI,T&R,472764.3692,0.369085137,5287.0,2017.0,April
1125.0,NI,T&R,6310.444891,0.369085137,5287.0,2016.0,April
1125.0,NI,T&R,13102.05561,0.369085137,5287.0,2017.0,April
1126.0,NI,T&R,248801.5974,0.369085137,5287.0,2016.0,April
1126.0,NI,T&R,687485.0942,0.369085137,5287.0,2017.0,April
1136.0,NI,F&P,14317.22909,-0.591397701,6275.0,2017.0,April
1136.0,NI,F&P,19668.21045,-0.591397701,6275.0,2016.0,April
1146.0,NI,T&R,808480.763,1.528726399,3492.0,2017.0,April
15.0,OX,Others,4079.449692,0.148744522,1098.0,2016.0,March
15.0,OX,Others,20854.9267,0.148744522,1098.0,2017.0,March
19.0,NI,Chemicals,32428.82241,1.311563185,6099.0,2016.0,March
19.0,NI,Chemicals,37535.34271,1.311563185,6099.0,2017.0,March
48.0,NI,A&F,124083.737,-0.139912107,4692.0,2017.0,March
48.0,NI,A&F,315095.2983,-0.139912107,4692.0,2016.0,March
50.0,NI,T&R,1143785.547,-0.216252387,1386.0,2016.0,March
58.0,NI,F&P,34349.77032,-0.549397952,1284.0,2017.0,March
58.0,NI,F&P,36231.43966,-0.549397952,1284.0,2016.0,March
66.0,AR,Others,86781.26723,2.20539035,5288.0,2016.0,March
66.0,AR,Others,450556.2888,2.20539035,5288.0,2017.0,March
103.0,NI,T&R,44705.93526,-0.248480234,5690.0,2016.0,March
103.0,NI,T&R,557003.3283,-0.248480234,5690.0,2017.0,March
133.0,NI,F&P,58118.34478,-0.483590582,6373.0,2017.0,March
133.0,NI,F&P,61012.65313,-0.483590582,6373.0,2016.0,March
144.0,NI,Others,238076.5367,0.44793793,1098.0,2016.0,March
145.0,NI,T&R,961247.4583,1.528726399,3492.0,2017.0,March
148.0,NI,T&R,387958.012,-0.388741622,5287.0,2016.0,March
148.0,NI,T&R,406578.2811,-0.388741622,5287.0,2017.0,March
178.0,NI,T&R,23464.41271,0.398252362,3492.0,2016.0,March
178.0,NI,T&R,36656.1515,0.398252362,3492.0,2017.0,March
219.0,NI,A&F,23688.33741,-0.139912107,4692.0,2017.0,March
219.0,NI,A&F,61556.37144,-0.139912107,4692.0,2016.0,March
228.0,NI,T&R,29254.1868,-0.506495477,6291.0,2016.0,March
228.0,NI,T&R,177956.2815,-0.506495477,6291.0,2017.0,March
240.0,NI,T&R,2083.704,-0.557098696,0.0,2016.0,March
240.0,NI,T&R,111936.447,-0.557098696,0.0,2017.0,March
244.0,NI,Others,188399.0172,-0.510435148,4988.0,2017.0,March
270.0,NI,T&R,14196.11694,-0.388741622,5287.0,2016.0,March
270.0,NI,T&R,20511.67273,-0.388741622,5287.0,2017.0,March
272.0,OX,MD,10329.36912,-0.475529975,5746.0,2016.0,March
272.0,OX,MD,31270.07858,-0.475529975,5746.0,2017.0,March
278.0,NI,T&R,56508.7117,-0.471584353,1399.0,2016.0,March
278.0,NI,T&R,68520.32483,-0.471584353,1399.0,2017.0,March
288.0,NI,F&P,2454.06386,-0.551440209,7389.0,2016.0,March
288.0,NI,F&P,83533.64106,-0.551440209,7389.0,2017.0,March
343.0,NI,T&R,1431507.531,0.544737119,3492.0,2016.0,March
345.0,NI,T&R,323273.2877,1.528726399,3492.0,2017.0,March
348.0,NI,T&R,824115.8121,0.84524383,7687.0,2016.0,March
348.0,NI,T&R,907723.5779,0.84524383,7687.0,2017.0,March
361.0,NI,T&R,769409.0092,-0.072595609,,2016.0,March
361.0,NI,T&R,784974.399,-0.072595609,,2017.0,March
370.0,CB,T&R,3225.62623,-0.595282627,1098.0,2016.0,March
370.0,CB,T&R,358499.6553,-0.595282627,1098.0,2017.0,March
378.0,OX,F&P,29347.0994,-0.483590582,6373.0,2017.0,March
378.0,OX,F&P,36255.81783,-0.483590582,6373.0,2016.0,March
403.0,NI,T&R,450102.2538,-0.04274655,0.0,2016.0,March
440.0,NI,F&P,2829250.657,0.39379728,6374.0,2016.0,March
440.0,NI,F&P,3028976.094,0.39379728,6374.0,2017.0,March
441.0,CB,F&P,46154.86,-0.596043488,6374.0,2017.0,March
441.0,CB,F&P,53869.84,-0.596043488,6374.0,2016.0,March
455.0,NI,Others,20729.60239,0.148744522,1098.0,2016.0,March
460.0,CB,F&P,3058.36,-0.600047373,6373.0,2017.0,March
468.0,NI,T&R,8400.60214,-0.578211409,1174.0,2016.0,March
518.0,NI,M&E,1937.57154,-0.570296751,6375.0,2016.0,March
518.0,NI,M&E,52696.99662,-0.570296751,6375.0,2017.0,March
520.0,NI,T&R,201479.5457,0.922319133,1190.0,2017.0,March
520.0,NI,T&R,2257902.595,0.922319133,1190.0,2016.0,March
532.0,NI,T&R,1374184.696,4.276620451,7574.0,2017.0,March
532.0,NI,T&R,1406469.004,4.276620451,7574.0,2016.0,March
540.0,NI,T&R,508917.7898,1.904847873,7684.0,2016.0,March
560.0,NI,A&F,378274.9164,-0.409902106,4987.0,2017.0,March
560.0,NI,A&F,381959.4123,-0.409902106,4987.0,2016.0,March
562.0,NI,A&F,379005.3975,-0.431207084,6277.0,2016.0,March
562.0,NI,A&F,390927.2429,-0.431207084,6277.0,2017.0,March
590.0,NI,T&R,179393.1298,-0.504896735,7382.0,2016.0,March
612.0,AR,A&F,134778.5429,-0.337577921,7975.0,2016.0,March
612.0,AR,A&F,199133.0868,-0.337577921,7975.0,2017.0,March
622.0,NI,M&E,135721.9706,0.126202049,986.0,2016.0,March
622.0,NI,M&E,674481.5613,0.126202049,986.0,2017.0,March
644.0,NI,A&F,413682.6158,0.110949466,4692.0,2016.0,March
644.0,NI,A&F,559601.5433,0.110949466,4692.0,2017.0,March
658.0,NI,T&R,384104.9535,-0.218889833,7684.0,2016.0,March
658.0,NI,T&R,1094149.268,-0.218889833,7684.0,2017.0,March
671.0,NI,T&R,910853.1988,4.276620451,7574.0,2017.0,March
671.0,NI,T&R,999128.1916,4.276620451,7574.0,2016.0,March
747.0,NI,M&E,44707.0688,-0.319886009,897.0,2016.0,March
766.0,CB,T&R,1373.75,-0.599049996,7392.0,2017.0,March
766.0,CB,T&R,3171.460385,-0.599049996,7392.0,2016.0,March
772.0,NI,M&E,37444.40046,-0.563647915,791.0,2016.0,March
780.0,OX,Others,5707.67534,-0.592797347,1098.0,2016.0,March
780.0,OX,Others,9023.82934,-0.592797347,1098.0,2017.0,March
873.0,CB,M&E,825661.2275,-0.548283962,6099.0,2017.0,March
920.0,NI,F&P,9362.602684,-0.51263139,1174.0,2016.0,March
920.0,NI,F&P,65172.96771,-0.51263139,1174.0,2017.0,March
925.0,NI,T&R,912643.0975,0.149272784,5696.0,2017.0,March
925.0,NI,T&R,1269192.745,0.149272784,5696.0,2016.0,March
955.0,NI,T&R,343645.3835,-0.119736566,1182.0,2017.0,March
955.0,NI,T&R,417749.9655,-0.119736566,1182.0,2016.0,March
983.0,NI,A&F,41871.33292,-0.409902106,4987.0,2017.0,March
983.0,NI,A&F,44859.22739,-0.409902106,4987.0,2016.0,March
994.0,NI,M&E,63173.43266,-0.445163105,6275.0,2016.0,March
994.0,NI,M&E,383018.9942,-0.445163105,6275.0,2017.0,March
1009.0,NI,T&R,100340.4298,-0.471584353,1399.0,2016.0,March
1009.0,NI,T&R,210955.6304,-0.471584353,1399.0,2017.0,March
1030.0,OX,A&F,75665.9616,-0.519049128,992.0,2017.0,March
1030.0,OX,A&F,182378.9558,-0.519049128,992.0,2016.0,March
1031.0,OX,A&F,118572.3189,-0.481100818,992.0,2016.0,March
1031.0,OX,A&F,527867.1472,-0.481100818,992.0,2017.0,March
1032.0,CB,A&F,447867.5886,-0.597714245,992.0,2016.0,March
1032.0,CB,A&F,869932.1958,-0.597714245,992.0,2017.0,March
1033.0,CB,A&F,187650.9216,-0.597714245,992.0,2016.0,March
1033.0,CB,A&F,1261620.694,-0.597714245,992.0,2017.0,March
1035.0,NI,T&R,111644.7438,1.904847873,7684.0,2016.0,March
1035.0,NI,T&R,136916.7931,1.904847873,7684.0,2017.0,March
1039.0,NI,F&P,171900.7296,-0.525729332,6373.0,2016.0,March
1039.0,NI,F&P,327905.7334,-0.525729332,6373.0,2017.0,March
1042.0,CB,M&E,400902.0759,-0.548283962,6099.0,2017.0,March
1042.0,CB,M&E,488203.8851,-0.548283962,6099.0,2016.0,March
1043.0,CB,M&E,365433.7681,-0.548283962,6099.0,2016.0,March
1043.0,CB,M&E,509976.7735,-0.548283962,6099.0,2017.0,March
1044.0,CB,F&P,84776.4832,-0.59842733,6373.0,2016.0,March
1044.0,CB,F&P,101214.3832,-0.59842733,6373.0,2017.0,March
1071.0,NI,T&R,2623443.48,1.528726399,3492.0,2017.0,March
1090.0,NI,M&E,14693.71613,-0.577914489,6099.0,2017.0,March
1090.0,NI,M&E,35931.19607,-0.577914489,6099.0,2016.0,March
1095.0,CB,F&P,985.7719642,-0.600047373,6373.0,2017.0,March
1095.0,CB,F&P,16960.74712,-0.600047373,6373.0,2016.0,March
1098.0,OX,MD,7429.797884,-0.55194918,2085.0,2016.0,March
1098.0,OX,MD,7456.097558,-0.55194918,2085.0,2017.0,March
1099.0,NI,M&E,541088.0602,-0.382784459,1386.0,2017.0,March
1099.0,NI,M&E,706979.7669,-0.382784459,1386.0,2016.0,March
1100.0,OX,MD,7330.919431,-0.579988151,5295.0,2016.0,March
1100.0,OX,MD,11211.7309,-0.579988151,5295.0,2017.0,March
1106.0,NI,T&R,1379445.609,4.276620451,7574.0,2016.0,March
1106.0,NI,T&R,3121852.028,4.276620451,7574.0,2017.0,March
1107.0,NI,T&R,193743.0267,-0.388741622,5287.0,2016.0,March
1107.0,NI,T&R,392287.3063,-0.388741622,5287.0,2017.0,March
1111.0,NI,F&P,126108.2404,-0.505484568,6370.0,2016.0,March
1111.0,NI,F&P,216089.0538,-0.505484568,6370.0,2017.0,March
1112.0,CB,F&P,14400.1499,-0.590808733,1174.0,2017.0,March
1112.0,CB,F&P,17655.2152,-0.590808733,1174.0,2016.0,March
1116.0,OX,MD,48387.62464,-0.542085947,6096.0,2017.0,March
1116.0,OX,MD,60864.61143,-0.542085947,6096.0,2016.0,March
1117.0,OX,MD,56822.31464,-0.542085947,6096.0,2016.0,March
1117.0,OX,MD,59683.42098,-0.542085947,6096.0,2017.0,March
1119.0,OX,MD,20137.3224,-0.576762838,1599.0,2017.0,March
1119.0,OX,MD,21739.9156,-0.576762838,1599.0,2016.0,March
1124.0,NI,T&R,427541.9767,0.369085137,5287.0,2016.0,March
1124.0,NI,T&R,448062.3931,0.369085137,5287.0,2017.0,March
1125.0,NI,T&R,14880.58733,0.369085137,5287.0,2016.0,March
1125.0,NI,T&R,21500.69588,0.369085137,5287.0,2017.0,March
1126.0,NI,T&R,210133.4346,0.369085137,5287.0,2016.0,March
1126.0,NI,T&R,425474.3018,0.369085137,5287.0,2017.0,March
1136.0,NI,F&P,17404.65827,-0.591397701,6275.0,2016.0,March
1136.0,NI,F&P,27303.82965,-0.591397701,6275.0,2017.0,March
1146.0,NI,T&R,739943.4335,1.528726399,3492.0,2017.0,March
15.0,OX,Others,7778.05161,0.148744522,1098.0,2016.0,February
15.0,OX,Others,25368.09674,0.148744522,1098.0,2017.0,February
19.0,NI,Chemicals,10758.93384,1.311563185,6099.0,2016.0,February
19.0,NI,Chemicals,31661.80786,1.311563185,6099.0,2017.0,February
48.0,NI,A&F,76492.69126,-0.139912107,4692.0,2017.0,February
48.0,NI,A&F,181595.4162,-0.139912107,4692.0,2016.0,February
50.0,NI,T&R,469698.546,-0.216252387,1386.0,2016.0,February
58.0,NI,F&P,21400.81318,-0.549397952,1284.0,2016.0,February
58.0,NI,F&P,35595.15775,-0.549397952,1284.0,2017.0,February
66.0,AR,Others,57642.17634,2.20539035,5288.0,2016.0,February
66.0,AR,Others,403615.7407,2.20539035,5288.0,2017.0,February
103.0,NI,T&R,144874.4378,-0.248480234,5690.0,2017.0,February
103.0,NI,T&R,262812.1502,-0.248480234,5690.0,2016.0,February
133.0,NI,F&P,59938.83043,-0.483590582,6373.0,2017.0,February
133.0,NI,F&P,61400.49572,-0.483590582,6373.0,2016.0,February
144.0,NI,Others,90007.95368,0.44793793,1098.0,2016.0,February
145.0,NI,T&R,85895.14525,1.528726399,3492.0,2016.0,February
145.0,NI,T&R,234538.1219,1.528726399,3492.0,2017.0,February
148.0,NI,T&R,289942.4881,-0.388741622,5287.0,2016.0,February
148.0,NI,T&R,361040.227,-0.388741622,5287.0,2017.0,February
178.0,NI,T&R,9679.49745,0.398252362,3492.0,2016.0,February
178.0,NI,T&R,45612.7883,0.398252362,3492.0,2017.0,February
219.0,NI,A&F,15932.88768,-0.139912107,4692.0,2017.0,February
219.0,NI,A&F,29490.76115,-0.139912107,4692.0,2016.0,February
228.0,NI,T&R,45760.6644,-0.506495477,6291.0,2017.0,February
228.0,NI,T&R,45810.8259,-0.506495477,6291.0,2016.0,February
240.0,NI,T&R,23439.19725,-0.557098696,0.0,2016.0,February
240.0,NI,T&R,27564.5685,-0.557098696,0.0,2017.0,February
244.0,NI,Others,155568.9461,-0.510435148,4988.0,2017.0,February
270.0,NI,T&R,20092.80191,-0.388741622,5287.0,2017.0,February
270.0,NI,T&R,21149.13622,-0.388741622,5287.0,2016.0,February
272.0,OX,MD,12474.76941,-0.475529975,5746.0,2016.0,February
272.0,OX,MD,25794.69651,-0.475529975,5746.0,2017.0,February
278.0,NI,T&R,17158.64461,-0.471584353,1399.0,2017.0,February
278.0,NI,T&R,25325.34281,-0.471584353,1399.0,2016.0,February
288.0,NI,F&P,21721.93979,-0.551440209,7389.0,2017.0,February
288.0,NI,F&P,28557.7147,-0.551440209,7389.0,2016.0,February
343.0,NI,T&R,484958.5934,0.544737119,3492.0,2016.0,February
345.0,NI,T&R,31157.03041,1.528726399,3492.0,2016.0,February
345.0,NI,T&R,383758.5273,1.528726399,3492.0,2017.0,February
348.0,NI,T&R,395585.217,0.84524383,7687.0,2016.0,February
348.0,NI,T&R,834912.7618,0.84524383,7687.0,2017.0,February
361.0,NI,T&R,194829.631,-0.072595609,,2017.0,February
361.0,NI,T&R,269971.7995,-0.072595609,,2016.0,February
370.0,CB,T&R,3572.540495,-0.595282627,1098.0,2016.0,February
370.0,CB,T&R,38643.73665,-0.595282627,1098.0,2017.0,February
378.0,OX,F&P,25272.15184,-0.483590582,6373.0,2016.0,February
378.0,OX,F&P,29597.57783,-0.483590582,6373.0,2017.0,February
403.0,NI,T&R,257122.1659,-0.04274655,0.0,2016.0,February
440.0,NI,F&P,760620.8956,0.39379728,6374.0,2016.0,February
440.0,NI,F&P,2530709.875,0.39379728,6374.0,2017.0,February
441.0,CB,F&P,7331.9,-0.596043488,6374.0,2016.0,February
441.0,CB,F&P,44575.44,-0.596043488,6374.0,2017.0,February
455.0,NI,Others,44413.8713,0.148744522,1098.0,2016.0,February
460.0,CB,F&P,11847.22,-0.600047373,6373.0,2017.0,February
468.0,NI,T&R,79018.79787,-0.578211409,1174.0,2016.0,February
518.0,NI,M&E,13560.3255,-0.570296751,6375.0,2017.0,February
518.0,NI,M&E,16422.65216,-0.570296751,6375.0,2016.0,February
520.0,NI,T&R,39542.71457,0.922319133,1190.0,2017.0,February
520.0,NI,T&R,975222.0481,0.922319133,1190.0,2016.0,February
532.0,NI,T&R,359057.543,4.276620451,7574.0,2017.0,February
532.0,NI,T&R,499124.4183,4.276620451,7574.0,2016.0,February
540.0,NI,T&R,274846.953,1.904847873,7684.0,2016.0,February
560.0,NI,A&F,178705.7612,-0.409902106,4987.0,2016.0,February
560.0,NI,A&F,333577.921,-0.409902106,4987.0,2017.0,February
562.0,NI,A&F,90502.17303,-0.431207084,6277.0,2017.0,February
562.0,NI,A&F,192956.381,-0.431207084,6277.0,2016.0,February
590.0,NI,T&R,79997.5602,-0.504896735,7382.0,2016.0,February
612.0,AR,A&F,65425.41696,-0.337577921,7975.0,2016.0,February
612.0,AR,A&F,190076.459,-0.337577921,7975.0,2017.0,February
622.0,NI,M&E,128202.7617,0.126202049,986.0,2017.0,February
622.0,NI,M&E,131036.8865,0.126202049,986.0,2016.0,February
644.0,NI,A&F,160121.1035,0.110949466,4692.0,2016.0,February
644.0,NI,A&F,472681.3946,0.110949466,4692.0,2017.0,February
658.0,NI,T&R,242606.719,-0.218889833,7684.0,2017.0,February
658.0,NI,T&R,341189.8952,-0.218889833,7684.0,2016.0,February
671.0,NI,T&R,356320.1629,4.276620451,7574.0,2017.0,February
671.0,NI,T&R,370348.745,4.276620451,7574.0,2016.0,February
747.0,NI,M&E,26958.97491,-0.319886009,897.0,2016.0,February
766.0,CB,T&R,3038.735,-0.599049996,7392.0,2016.0,February
766.0,CB,T&R,3158.84,-0.599049996,7392.0,2017.0,February
772.0,NI,M&E,32130.62556,-0.563647915,791.0,2016.0,February
780.0,OX,Others,1360.487687,-0.592797347,1098.0,2016.0,February
780.0,OX,Others,7744.42378,-0.592797347,1098.0,2017.0,February
873.0,CB,M&E,54231.59814,-0.548283962,6099.0,2016.0,February
873.0,CB,M&E,782840.4113,-0.548283962,6099.0,2017.0,February
920.0,NI,F&P,4246.043805,-0.51263139,1174.0,2016.0,February
920.0,NI,F&P,54705.48051,-0.51263139,1174.0,2017.0,February
925.0,NI,T&R,531101.1355,0.149272784,5696.0,2016.0,February
925.0,NI,T&R,863053.1843,0.149272784,5696.0,2017.0,February
955.0,NI,T&R,201285.4009,-0.119736566,1182.0,2016.0,February
955.0,NI,T&R,315834.8588,-0.119736566,1182.0,2017.0,February
983.0,NI,A&F,18125.58814,-0.409902106,4987.0,2016.0,February
983.0,NI,A&F,40276.81752,-0.409902106,4987.0,2017.0,February
994.0,NI,M&E,306491.902,-0.445163105,6275.0,2017.0,February
994.0,NI,M&E,318302.2961,-0.445163105,6275.0,2016.0,February
1009.0,NI,T&R,43327.69914,-0.471584353,1399.0,2016.0,February
1009.0,NI,T&R,58688.39423,-0.471584353,1399.0,2017.0,February
1030.0,OX,A&F,21944.2668,-0.519049128,992.0,2017.0,February
1030.0,OX,A&F,63288.3014,-0.519049128,992.0,2016.0,February
1031.0,OX,A&F,36277.5033,-0.481100818,992.0,2016.0,February
1031.0,OX,A&F,138879.743,-0.481100818,992.0,2017.0,February
1032.0,CB,A&F,132507.8901,-0.597714245,992.0,2016.0,February
1032.0,CB,A&F,968750.0211,-0.597714245,992.0,2017.0,February
1033.0,CB,A&F,80446.8,-0.597714245,992.0,2016.0,February
1033.0,CB,A&F,1025917.929,-0.597714245,992.0,2017.0,February
1035.0,NI,T&R,33228.66767,1.904847873,7684.0,2017.0,February
1035.0,NI,T&R,59947.64108,1.904847873,7684.0,2016.0,February
1039.0,NI,F&P,15547.18289,-0.525729332,6373.0,2016.0,February
1039.0,NI,F&P,206985.2505,-0.525729332,6373.0,2017.0,February
1042.0,CB,M&E,100962.8323,-0.548283962,6099.0,2016.0,February
1042.0,CB,M&E,350947.8071,-0.548283962,6099.0,2017.0,February
1043.0,CB,M&E,137106.716,-0.548283962,6099.0,2016.0,February
1043.0,CB,M&E,438376.9331,-0.548283962,6099.0,2017.0,February
1044.0,CB,F&P,59173.61709,-0.59842733,6373.0,2016.0,February
1044.0,CB,F&P,110053.4047,-0.59842733,6373.0,2017.0,February
1071.0,NI,T&R,71144.3594,1.528726399,3492.0,2016.0,February
1071.0,NI,T&R,2216537.38,1.528726399,3492.0,2017.0,February
1090.0,NI,M&E,7841.775502,-0.577914489,6099.0,2016.0,February
1090.0,NI,M&E,11007.39825,-0.577914489,6099.0,2017.0,February
1095.0,CB,F&P,14477.75536,-0.600047373,6373.0,2017.0,February
1095.0,CB,F&P,18118.57481,-0.600047373,6373.0,2016.0,February
1098.0,OX,MD,2276.30605,-0.55194918,2085.0,2016.0,February
1098.0,OX,MD,9957.130477,-0.55194918,2085.0,2017.0,February
1099.0,NI,M&E,335555.1309,-0.382784459,1386.0,2016.0,February
1099.0,NI,M&E,513622.2697,-0.382784459,1386.0,2017.0,February
1100.0,OX,MD,4342.056068,-0.579988151,5295.0,2016.0,February
1100.0,OX,MD,8360.859662,-0.579988151,5295.0,2017.0,February
1106.0,NI,T&R,622739.4583,4.276620451,7574.0,2017.0,February
1106.0,NI,T&R,639534.2156,4.276620451,7574.0,2016.0,February
1107.0,NI,T&R,163395.5243,-0.388741622,5287.0,2017.0,February
1107.0,NI,T&R,280902.2191,-0.388741622,5287.0,2016.0,February
1111.0,NI,F&P,55572.2538,-0.505484568,6370.0,2016.0,February
1111.0,NI,F&P,151171.1552,-0.505484568,6370.0,2017.0,February
1112.0,CB,F&P,14955.0978,-0.590808733,1174.0,2017.0,February
1112.0,CB,F&P,28202.224,-0.590808733,1174.0,2016.0,February
1116.0,OX,MD,28065.04709,-0.542085947,6096.0,2016.0,February
1116.0,OX,MD,63032.28022,-0.542085947,6096.0,2017.0,February
1117.0,OX,MD,19141.18558,-0.542085947,6096.0,2016.0,February
1117.0,OX,MD,32211.46338,-0.542085947,6096.0,2017.0,February
1119.0,OX,MD,18717.1946,-0.576762838,1599.0,2017.0,February
1119.0,OX,MD,24336.21183,-0.576762838,1599.0,2016.0,February
1124.0,NI,T&R,313755.9255,0.369085137,5287.0,2016.0,February
1124.0,NI,T&R,397878.0652,0.369085137,5287.0,2017.0,February
1125.0,NI,T&R,18685.43743,0.369085137,5287.0,2016.0,February
1125.0,NI,T&R,21061.64899,0.369085137,5287.0,2017.0,February
1126.0,NI,T&R,177218.573,0.369085137,5287.0,2017.0,February
1126.0,NI,T&R,295971.4655,0.369085137,5287.0,2016.0,February
1136.0,NI,F&P,12991.65015,-0.591397701,6275.0,2017.0,February
1136.0,NI,F&P,15235.49666,-0.591397701,6275.0,2016.0,February
1146.0,NI,T&R,15607.8253,1.528726399,3492.0,2016.0,February
1146.0,NI,T&R,213164.081,1.528726399,3492.0,2017.0,February
15.0,OX,Others,30047.31971,0.148744522,1098.0,2017.0,January
19.0,NI,Chemicals,39601.44497,1.311563185,6099.0,2017.0,January
48.0,NI,A&F,195123.2876,-0.139912107,4692.0,2016.0,January
58.0,NI,F&P,30900.73246,-0.549397952,1284.0,2016.0,January
58.0,NI,F&P,39712.97102,-0.549397952,1284.0,2017.0,January
66.0,AR,Others,81696.57118,2.20539035,5288.0,2016.0,January
66.0,AR,Others,453425.008,2.20539035,5288.0,2017.0,January
133.0,NI,F&P,2709.621395,-0.483590582,6373.0,2016.0,January
133.0,NI,F&P,67426.56706,-0.483590582,6373.0,2017.0,January
148.0,NI,T&R,108385.9297,-0.388741622,5287.0,2016.0,January
148.0,NI,T&R,510407.427,-0.388741622,5287.0,2017.0,January
178.0,NI,T&R,45424.58235,0.398252362,3492.0,2017.0,January
219.0,NI,A&F,35553.79437,-0.139912107,4692.0,2016.0,January
228.0,NI,T&R,69617.4738,-0.506495477,6291.0,2016.0,January
244.0,NI,Others,154300.5546,-0.510435148,4988.0,2017.0,January
270.0,NI,T&R,5236.771424,-0.388741622,5287.0,2016.0,January
270.0,NI,T&R,20892.14213,-0.388741622,5287.0,2017.0,January
272.0,OX,MD,30887.56535,-0.475529975,5746.0,2017.0,January
288.0,NI,F&P,64469.66517,-0.551440209,7389.0,2016.0,January
345.0,NI,T&R,455673.0865,1.528726399,3492.0,2017.0,January
348.0,NI,T&R,721593.4079,0.84524383,7687.0,2016.0,January
348.0,NI,T&R,921490.5311,0.84524383,7687.0,2017.0,January
361.0,NI,T&R,730271.9986,-0.072595609,,2016.0,January
370.0,CB,T&R,129949.8318,-0.595282627,1098.0,2017.0,January
378.0,OX,F&P,29373.26879,-0.483590582,6373.0,2016.0,January
378.0,OX,F&P,32502.3799,-0.483590582,6373.0,2017.0,January
403.0,NI,T&R,628664.6576,-0.04274655,0.0,2016.0,January
440.0,NI,F&P,2257803.225,0.39379728,6374.0,2017.0,January
441.0,CB,F&P,32335.72,-0.596043488,6374.0,2017.0,January
460.0,CB,F&P,4644.06,-0.600047373,6373.0,2016.0,January
460.0,CB,F&P,12409.28,-0.600047373,6373.0,2017.0,January
518.0,NI,M&E,41449.0048,-0.570296751,6375.0,2016.0,January
560.0,NI,A&F,245381.263,-0.409902106,4987.0,2016.0,January
560.0,NI,A&F,351224.4469,-0.409902106,4987.0,2017.0,January
562.0,NI,A&F,271660.4857,-0.431207084,6277.0,2016.0,January
612.0,AR,A&F,118003.8789,-0.337577921,7975.0,2016.0,January
612.0,AR,A&F,212480.2523,-0.337577921,7975.0,2017.0,January
622.0,NI,M&E,204061.9982,0.126202049,986.0,2016.0,January
644.0,NI,A&F,406654.3915,0.110949466,4692.0,2017.0,January
747.0,NI,M&E,59747.22083,-0.319886009,897.0,2016.0,January
766.0,CB,T&R,2720.025,-0.599049996,7392.0,2016.0,January
766.0,CB,T&R,3507.38,-0.599049996,7392.0,2017.0,January
772.0,NI,M&E,35660.49032,-0.563647915,791.0,2016.0,January
780.0,OX,Others,6677.982868,-0.592797347,1098.0,2017.0,January
873.0,CB,M&E,465721.9514,-0.548283962,6099.0,2017.0,January
920.0,NI,F&P,65593.00645,-0.51263139,1174.0,2017.0,January
925.0,NI,T&R,879794.9546,0.149272784,5696.0,2017.0,January
955.0,NI,T&R,67468.931,-0.119736566,1182.0,2016.0,January
955.0,NI,T&R,338558.7489,-0.119736566,1182.0,2017.0,January
983.0,NI,A&F,36481.46279,-0.409902106,4987.0,2016.0,January
983.0,NI,A&F,39087.48977,-0.409902106,4987.0,2017.0,January
994.0,NI,M&E,354269.2076,-0.445163105,6275.0,2017.0,January
1032.0,CB,A&F,900335.8417,-0.597714245,992.0,2017.0,January
1033.0,CB,A&F,1143577.874,-0.597714245,992.0,2017.0,January
1039.0,NI,F&P,229313.5458,-0.525729332,6373.0,2016.0,January
1039.0,NI,F&P,294365.8282,-0.525729332,6373.0,2017.0,January
1042.0,CB,M&E,424884.0859,-0.548283962,6099.0,2017.0,January
1043.0,CB,M&E,507853.8223,-0.548283962,6099.0,2017.0,January
1044.0,CB,F&P,42771.85231,-0.59842733,6373.0,2016.0,January
1044.0,CB,F&P,132730.8049,-0.59842733,6373.0,2017.0,January
1071.0,NI,T&R,2515466.797,1.528726399,3492.0,2017.0,January
1090.0,NI,M&E,13691.01626,-0.577914489,6099.0,2017.0,January
1095.0,CB,F&P,5746.82453,-0.600047373,6373.0,2016.0,January
1095.0,CB,F&P,15355.75574,-0.600047373,6373.0,2017.0,January
1098.0,OX,MD,9606.637183,-0.55194918,2085.0,2017.0,January
1099.0,NI,M&E,604355.6086,-0.382784459,1386.0,2017.0,January
1099.0,NI,M&E,613325.1578,-0.382784459,1386.0,2016.0,January
1100.0,OX,MD,10795.61029,-0.579988151,5295.0,2017.0,January
1107.0,NI,T&R,109370.2794,-0.388741622,5287.0,2016.0,January
1107.0,NI,T&R,250474.963,-0.388741622,5287.0,2017.0,January
1111.0,NI,F&P,119708.8815,-0.505484568,6370.0,2016.0,January
1111.0,NI,F&P,156497.1918,-0.505484568,6370.0,2017.0,January
1112.0,CB,F&P,11859.16328,-0.590808733,1174.0,2017.0,January
1112.0,CB,F&P,21274.77825,-0.590808733,1174.0,2016.0,January
1116.0,OX,MD,57900.28097,-0.542085947,6096.0,2017.0,January
1116.0,OX,MD,71927.25932,-0.542085947,6096.0,2016.0,January
1117.0,OX,MD,28628.87425,-0.542085947,6096.0,2017.0,January
1117.0,OX,MD,38593.02222,-0.542085947,6096.0,2016.0,January
1119.0,OX,MD,20560.2176,-0.576762838,1599.0,2017.0,January
1119.0,OX,MD,41609.13904,-0.576762838,1599.0,2016.0,January
1124.0,NI,T&R,562485.0216,0.369085137,5287.0,2017.0,January
1125.0,NI,T&R,21899.52996,0.369085137,5287.0,2017.0,January
1126.0,NI,T&R,271664.8189,0.369085137,5287.0,2017.0,January
1136.0,NI,F&P,14505.25683,-0.591397701,6275.0,2017.0,January
1136.0,NI,F&P,28154.12281,-0.591397701,6275.0,2016.0,January
798.0,AR,Others,157263.8658,2.20539035,5288.0,2016.0,December
798.0,AR,Others,496030.677,2.20539035,5288.0,2017.0,December
1114.0,OX,F&P,5111.680278,-0.407531644,1174.0,2016.0,December
1114.0,OX,F&P,8283.862881,-0.407531644,1174.0,2017.0,December
1131.0,NI,T&R,171776.4739,-0.470659652,7577.0,2017.0,December
1143.0,NI,F&P,0.0,-0.407531644,1174.0,2017.0,December
1156.0,NI,T&R,2163928.096,0.336534719,1386.0,2017.0,December
1173.0,OX,F&P,17877.53976,-0.505484568,6370.0,2017.0,December
1174.0,CB,F&P,16924.914,-0.505484568,6370.0,2017.0,December
1176.0,NI,T&R,1735694.911,0.196900441,3492.0,2017.0,December
1180.0,NI,F&P,12678.5978,-0.407531644,1174.0,2017.0,December
798.0,AR,Others,438087.235,2.20539035,5288.0,2017.0,November
1114.0,OX,F&P,9209.597448,-0.407531644,1174.0,2017.0,November
1114.0,OX,F&P,213297.6773,-0.407531644,1174.0,2016.0,November
1131.0,NI,T&R,163845.1004,-0.470659652,7577.0,2017.0,November
1143.0,NI,F&P,0.0,-0.407531644,1174.0,2017.0,November
1156.0,NI,T&R,2077566.713,0.336534719,1386.0,2017.0,November
1173.0,OX,F&P,17628.32267,-0.505484568,6370.0,2017.0,November
1174.0,CB,F&P,11236.176,-0.505484568,6370.0,2017.0,November
1176.0,NI,T&R,1656281.9,0.196900441,3492.0,2017.0,November
1180.0,NI,F&P,6240.0906,-0.407531644,1174.0,2017.0,November
798.0,AR,Others,420235.5668,2.20539035,5288.0,2017.0,October
1114.0,OX,F&P,7117.664337,-0.407531644,1174.0,2016.0,October
1114.0,OX,F&P,9245.177028,-0.407531644,1174.0,2017.0,October
1131.0,NI,T&R,129022.0956,-0.470659652,7577.0,2017.0,October
1143.0,NI,F&P,0.0,-0.407531644,1174.0,2017.0,October
1156.0,NI,T&R,2117439.532,0.336534719,1386.0,2017.0,October
1173.0,OX,F&P,15897.57194,-0.505484568,6370.0,2017.0,October
1174.0,CB,F&P,6845.514,-0.505484568,6370.0,2017.0,October
1176.0,NI,T&R,1776003.355,0.196900441,3492.0,2017.0,October
1180.0,NI,F&P,6981.3661,-0.407531644,1174.0,2017.0,October
798.0,AR,Others,389590.1472,2.20539035,5288.0,2017.0,September
1114.0,OX,F&P,9338.470352,-0.407531644,1174.0,2016.0,September
1114.0,OX,F&P,11642.62499,-0.407531644,1174.0,2017.0,September
1131.0,NI,T&R,133492.2891,-0.470659652,7577.0,2017.0,September
1143.0,NI,F&P,0.0,-0.407531644,1174.0,2017.0,September
1156.0,NI,T&R,2072138.124,0.336534719,1386.0,2017.0,September
1173.0,OX,F&P,21378.97103,-0.505484568,6370.0,2017.0,September
1174.0,CB,F&P,10255.554,-0.505484568,6370.0,2017.0,September
1176.0,NI,T&R,1725151.633,0.196900441,3492.0,2017.0,September
1180.0,NI,F&P,9569.6995,-0.407531644,1174.0,2017.0,September
798.0,AR,Others,410826.0338,2.20539035,5288.0,2017.0,August
1114.0,OX,F&P,9209.873505,-0.407531644,1174.0,2016.0,August
1114.0,OX,F&P,11696.86037,-0.407531644,1174.0,2017.0,August
1131.0,NI,T&R,177723.2869,-0.470659652,7577.0,2017.0,August
1143.0,NI,F&P,0.0,-0.407531644,1174.0,2017.0,August
1156.0,NI,T&R,2136261.242,0.336534719,1386.0,2017.0,August
1173.0,OX,F&P,21238.52825,-0.505484568,6370.0,2017.0,August
1174.0,CB,F&P,11235.234,-0.505484568,6370.0,2017.0,August
1176.0,NI,T&R,1711892.945,0.196900441,3492.0,2017.0,August
1180.0,NI,F&P,9713.4958,-0.407531644,1174.0,2017.0,August
798.0,AR,Others,429537.983,2.20539035,5288.0,2017.0,July
1114.0,OX,F&P,7755.684805,-0.407531644,1174.0,2016.0,July
1114.0,OX,F&P,10185.20698,-0.407531644,1174.0,2017.0,July
1131.0,NI,T&R,157471.0675,-0.470659652,7577.0,2017.0,July
1143.0,NI,F&P,0.0,-0.407531644,1174.0,2017.0,July
1156.0,NI,T&R,520551.8952,0.336534719,1386.0,2016.0,July
1156.0,NI,T&R,2147397.095,0.336534719,1386.0,2017.0,July
1173.0,OX,F&P,15312.39369,-0.505484568,6370.0,2017.0,July
1174.0,CB,F&P,12778.701,-0.505484568,6370.0,2017.0,July
1176.0,NI,T&R,1829345.763,0.196900441,3492.0,2017.0,July
1180.0,NI,F&P,23006.2933,-0.407531644,1174.0,2017.0,July
798.0,AR,Others,433300.4573,2.20539035,5288.0,2017.0,June
1114.0,OX,F&P,10263.96946,-0.407531644,1174.0,2016.0,June
1114.0,OX,F&P,10709.72853,-0.407531644,1174.0,2017.0,June
1131.0,NI,T&R,21472.83997,-0.470659652,7577.0,2017.0,June
1143.0,NI,F&P,17458.67663,-0.407531644,1174.0,2017.0,June
1156.0,NI,T&R,944763.5411,0.336534719,1386.0,2016.0,June
1156.0,NI,T&R,2038173.215,0.336534719,1386.0,2017.0,June
1173.0,OX,F&P,30480.21393,-0.505484568,6370.0,2017.0,June
1174.0,CB,F&P,13510.635,-0.505484568,6370.0,2017.0,June
1176.0,NI,T&R,1986376.673,0.196900441,3492.0,2017.0,June
1180.0,NI,F&P,8050.3634,-0.407531644,1174.0,2017.0,June
798.0,AR,Others,411408.4809,2.20539035,5288.0,2017.0,May
1114.0,OX,F&P,10179.87635,-0.407531644,1174.0,2017.0,May
1114.0,OX,F&P,94676.07444,-0.407531644,1174.0,2016.0,May
1156.0,NI,T&R,2170125.828,0.336534719,1386.0,2017.0,May
1173.0,OX,F&P,25998.9645,-0.505484568,6370.0,2017.0,May
1174.0,CB,F&P,7224.85112,-0.505484568,6370.0,2017.0,May
1176.0,NI,T&R,2150117.185,0.196900441,3492.0,2017.0,May
1180.0,NI,F&P,15312.6339,-0.407531644,1174.0,2017.0,May
798.0,AR,Others,393617.0658,2.20539035,5288.0,2017.0,April
1114.0,OX,F&P,9668.96221,-0.407531644,1174.0,2017.0,April
1114.0,OX,F&P,20384.66477,-0.407531644,1174.0,2016.0,April
1156.0,NI,T&R,2104564.747,0.336534719,1386.0,2017.0,April
1176.0,NI,T&R,2342649.061,0.196900441,3492.0,2017.0,April
1180.0,NI,F&P,53420.43692,-0.407531644,1174.0,2017.0,April
798.0,AR,Others,398972.901,2.20539035,5288.0,2017.0,March
1114.0,OX,F&P,10570.63084,-0.407531644,1174.0,2017.0,March
1156.0,NI,T&R,2188200.688,0.336534719,1386.0,2017.0,March
1176.0,NI,T&R,2674686.98,0.196900441,3492.0,2017.0,March
798.0,AR,Others,386373.2987,2.20539035,5288.0,2017.0,February
1114.0,OX,F&P,10335.01099,-0.407531644,1174.0,2017.0,February
1156.0,NI,T&R,526021.3565,0.336534719,1386.0,2017.0,February
1176.0,NI,T&R,3050404.195,0.196900441,3492.0,2017.0,February
798.0,AR,Others,419887.4375,2.20539035,5288.0,2017.0,January
798.0,AR,Others,487455.0647,2.20539035,5288.0,2018.0,January
1114.0,OX,F&P,9760.496861,-0.407531644,1174.0,2017.0,January
1114.0,OX,F&P,1051621.568,-0.407531644,1174.0,2018.0,January
1131.0,NI,T&R,132131.5219,-0.470659652,7577.0,2018.0,January
1143.0,NI,F&P,0.0,-0.407531644,1174.0,2018.0,January
1156.0,NI,T&R,1607057.417,0.336534719,1386.0,2018.0,January
1173.0,OX,F&P,8253.07866,-0.505484568,6370.0,2018.0,January
1174.0,CB,F&P,6177.636,-0.505484568,6370.0,2018.0,January
1176.0,NI,T&R,1111640.091,0.196900441,3492.0,2017.0,January
1176.0,NI,T&R,1323034.532,0.196900441,3492.0,2018.0,January
1180.0,NI,F&P,5660.4466,-0.407531644,1174.0,2018.0,January
,,,,,,,
,,,,,,,
,,,,,,,
,,,,,,,
,,,,,,,
,,,,,,,
,,,,,,,
,,,,,,,
,,,,,,,
,,,,,,,
,,,,,,,
,,,,,,,
,,,,,,,
,,,,,,,
,,,,,,,
,,,,,,,
,,,,,,,
,,,,,,,
,,,,,,,
,,,,,,,
,,,,,,,
,,,,,,,
,,,,,,,
,,,,,,,
,,,,,,,
,,,,,,,
,,,,,,,
,,,,,,,
,,,,,,,
,,,,,,,
,,,,,,,
,,,,,,,
,,,,,,,
,,,,,,,
,,,,,,,
,,,,,,,
,,,,,,,
,,,,,,,
,,,,,,,
,,,,,,,
,,,,,,,
,,,,,,,
,,,,,,,
,,,,,,,
,,,,,,,
,,,,,,,
,,,,,,,
,,,,,,,
,,,,,,,
,,,,,,,
,,,,,,,
,,,,,,,
,,,,,,,
,,,,,,,
,,,,,,,
,,,,,,,
,,,,,,,
,,,,,,,
,,,,,,,
,,,,,,,
,,,,,,,
,,,,,,,
,,,,,,,
,,,,,,,
,,,,,,,
,,,,,,,
,,,,,,,
,,,,,,,
,,,,,,,
,,,,,,,
,,,,,,,
,,,,,,,
,,,,,,,
,,,,,,,
,,,,,,,
,,,,,,,
,,,,,,,
,,,,,,,
,,,,,,,
,,,,,,,
,,,,,,,
,,,,,,,
,,,,,,,
,,,,,,,
,,,,,,,
,,,,,,,
,,,,,,,
,,,,,,,
,,,,,,,
,,,,,,,
,,,,,,,
,,,,,,,
,,,,,,,
